FREQ;GEO;UNIT;OBJECTIV\TIME_PERIOD,2000 ,2001 ,2002 ,2003 ,2004 ,2005 ,2006 ,2007 ,2008 ,2009 ,2010 ,2011 ,2012 ,2013 ,2014 ,2015 ,2016 ,2017 
A;AT;MEUR_KP_PRE;OBJ01,99.5 ,121.2 ,79.8 ,103.4 ,74.9 ,90.2 ,126.4 ,14.7 ,52.5 ,177.3 ,111 ,111.1 ,122.8 ,84.8 ,74.4 ,32.8 ,23.4 ,25.9 
A;BE;MEUR_KP_PRE;OBJ01,253.8 ,281.9 ,503 ,154.7 ,157.8 ,115.3 ,162.6 ,56.8 ,119.8 ,104.5 ,120.3 ,111.1 ,82.2 ,99.2 ,123.5 ,69.8 ,99.1 ,131.9 
A;BG;MEUR_KP_PRE;OBJ01,0 ,0 ,15.5 ,24.5 ,19 ,15.9 ,22.7 ,16.2 ,5.2 ,16 ,5.7 ,13.8 ,15.9 ,26.2 ,138 ,193.3 ,74.8 ,134.9 
A;CY;MEUR_KP_PRE;OBJ01,8.7 ,9.4 ,24.3 ,1.7 ,6.1 ,4.8 ,6.2 ,3.7 ,0.8 ,0.8 ,8.5 ,6.7 ,5.6 ,4.2 ,2 ,1.2 ,1.6 ,0 
A;CZ;MEUR_KP_PRE;OBJ01,31.4 ,66.9 ,75.6 ,84.5 ,120.5 ,252.7 ,259.1 ,349.1 ,762.5 ,374.2 ,435 ,743.8 ,856.9 ,861.4 ,834.1 ,1093.2 ,211.3 ,280 
A;DE;MEUR_KP_PRE;OBJ01,3019.3 ,3709 ,3406.8 ,3250.1 ,2754.6 ,2682.5 ,3079.9 ,2252.9 ,3239.8 ,5613.1 ,3088.4 ,2840.1 ,2926.6 ,2460.5 ,2414.3 ,247.2 ,488.1 ,1160.3 
A;DK;MEUR_KP_PRE;OBJ01,4.9 ,9.3 ,8.7 ,4.4 ,2.5 ,5.2 ,4.3 ,0.3 ,0.3 ,0.2 ,0 ,0.8 ,0 ,0 ,0.1 ,14.9 ,14.9 ,15 
A;EE;MEUR_KP_PRE;OBJ01,1.8 ,2.5 ,4.6 ,1.2 ,2.6 ,2.5 ,2 ,2.1 ,0.9 ,1.1 ,2.1 ,8 ,17.7 ,17.3 ,36.8 ,31.2 ,3.4 ,8.6 
A;EL;MEUR_KP_PRE;OBJ01,707.6 ,542.5 ,274.2 ,255.3 ,320 ,243 ,290.8 ,475.1 ,1023.4 ,1317 ,1526.1 ,2119.9 ,1543 ,2357.2 ,1370.9 ,1922.1 ,224.2 ,227.1 
A;ES;MEUR_KP_PRE;OBJ01,786.5 ,879.7 ,1040.2 ,1068.1 ,984.2 ,1128.5 ,1250.8 ,1357.7 ,1746.5 ,1166.9 ,1064.9 ,756 ,590.3 ,890.7 ,859.2 ,321.6 ,222.8 ,195.3 
A;EU28;MEUR_KP_PRE;OBJ01,9417 ,8558.4 ,10232.7 ,9123.5 ,8711.8 ,9111.6 ,10412.4 ,9895.6 ,13237.2 ,16065.1 ,14234 ,13162.3 ,12335.7 ,13034.3 ,14782.1 ,11337.6 ,8499.1 ,9888.2 
A;FI;MEUR_KP_PRE;OBJ01,65.9 ,56.7 ,53.7 ,49 ,51.9 ,75.4 ,72.5 ,45.8 ,51.3 ,38 ,42.2 ,51 ,48.1 ,49.5 ,69 ,64.5 ,72.1 ,65.8 
A;FR;MEUR_KP_PRE;OBJ01,1022.9 ,621.6 ,978.1 ,834.9 ,885.6 ,1498.5 ,1873.1 ,2593.6 ,3156.2 ,4242.1 ,4228.1 ,3453.9 ,3018.6 ,2875.5 ,2978.2 ,2967.3 ,3020.9 ,2844.1 
A;HR;MEUR_KP_PRE;OBJ01,0 ,0 ,0 ,0 ,0 ,0 ,0 ,0 ,0 ,0 ,0 ,0 ,0 ,31 ,101.5 ,18 ,99.3 ,198.8 
A;HU;MEUR_KP_PRE;OBJ01,105 ,144.4 ,187 ,210.9 ,188.9 ,269.3 ,257.2 ,205.7 ,320.9 ,342 ,284.7 ,241.6 ,273.1 ,319.7 ,839.5 ,426.6 ,761.5 ,879.6 
A;IE;MEUR_KP_PRE;OBJ01,131.5 ,120 ,134.9 ,91.1 ,151.5 ,285.8 ,299.3 ,287.8 ,325.7 ,293.7 ,303.8 ,215.1 ,200.2 ,484.5 ,110 ,98.4 ,56.4 ,47.4 
A;IT;MEUR_KP_PRE;OBJ01,1314.5 ,987.8 ,2198.8 ,1505.6 ,1153.9 ,1033.3 ,1217.5 ,742.3 ,868.5 ,968.4 ,1076.8 ,896.2 ,864 ,536.3 ,787.7 ,508.9 ,447.2 ,509.3 
A;LT;MEUR_KP_PRE;OBJ01,0 ,0 ,2.4 ,9 ,12.1 ,14.9 ,13.7 ,6.1 ,3.7 ,36.6 ,57.8 ,89 ,86.8 ,77.1 ,31.6 ,129 ,18.3 ,42.3 
A;LU;MEUR_KP_PRE;OBJ01,18.5 ,13.6 ,35.5 ,27.4 ,13.3 ,12 ,7.1 ,8.5 ,5.5 ,8.2 ,1.7 ,5.4 ,1.5 ,26.2 ,5.8 ,0 ,0 ,0 
A;LV;MEUR_KP_PRE;OBJ01,2.3 ,13.2 ,8.3 ,6.7 ,15.8 ,17.9 ,17.1 ,24.4 ,21 ,8.1 ,14.6 ,15.6 ,24.1 ,24.9 ,158.6 ,102.9 ,52.3 ,20.3 
A;MT;MEUR_KP_PRE;OBJ01,0 ,0 ,0 ,0 ,0 ,0 ,0.2 ,2.1 ,1 ,16.7 ,15.8 ,19.5 ,16.4 ,19.8 ,22.7 ,10.4 ,13.5 ,32.7 
A;NL;MEUR_KP_PRE;OBJ01,131.1 ,49 ,142.6 ,75.4 ,38.2 ,33.3 ,23.4 ,64.3 ,16.1 ,11.4 ,11.3 ,11.5 ,14.1 ,7.9 ,5.1 ,4.4 ,3.4 ,2.9 
A;PL;MEUR_KP_PRE;OBJ01,648.3 ,152.4 ,126.3 ,195.3 ,196.9 ,188.4 ,402.8 ,299 ,500 ,545.5 ,739.1 ,539 ,681.1 ,798.9 ,1866.3 ,718 ,1275.3 ,1929.8 
A;PT;MEUR_KP_PRE;OBJ01,97.2 ,101.6 ,34.8 ,47.2 ,64.4 ,41 ,41.9 ,114 ,129.8 ,129.8 ,191.1 ,118.2 ,300.7 ,291.3 ,561 ,655.1 ,488.2 ,576.7 
A;RO;MEUR_KP_PRE;OBJ01,0 ,0 ,174.7 ,112.2 ,96.7 ,42.3 ,64 ,33.4 ,54.1 ,46.3 ,94.8 ,139.1 ,90.3 ,158.9 ,348 ,403.9 ,195.7 ,67.6 
A;SE;MEUR_KP_PRE;OBJ01,65.3 ,53.9 ,49.6 ,56.3 ,92.9 ,122 ,141.5 ,168.2 ,184.5 ,87.1 ,129.7 ,90.5 ,82.6 ,76.8 ,88.2 ,155.4 ,70.4 ,71.7 
A;SI;MEUR_KP_PRE;OBJ01,4.5 ,11.5 ,11.2 ,14.7 ,11.6 ,41.2 ,45.9 ,37.8 ,79.6 ,137.9 ,84.5 ,134 ,115.3 ,52.9 ,66.8 ,28.4 ,22 ,21 
A;SK;MEUR_KP_PRE;OBJ01,76.4 ,46.2 ,49.2 ,107.9 ,126.4 ,134.8 ,151.8 ,118.4 ,177.9 ,107 ,112.3 ,113 ,68.6 ,72.9 ,106.5 ,214.9 ,173.7 ,65 
A;UK;MEUR_KP_PRE;OBJ01,820.2 ,564 ,612.9 ,832.1 ,1169.7 ,761.1 ,578.6 ,615.8 ,389.7 ,275.2 ,483.3 ,318.5 ,289 ,328.9 ,782.2 ,904.3 ,365.4 ,334.2 
A;AT;MEUR_KP_PRE;OBJ02,0 ,0 ,0 ,0 ,0 ,0 ,0 ,0 ,0 ,0 ,0 ,0 ,0 ,0 ,0 ,0 ,0 ,0 
A;BE;MEUR_KP_PRE;OBJ02,0 ,0 ,0 ,0 ,0 ,0 ,0 ,0 ,0 ,0 ,0 ,0 ,0 ,0 ,0 ,0 ,0 ,0 
A;BG;MEUR_KP_PRE;OBJ02,0 ,0 ,0 ,0 ,0 ,0 ,0 ,0 ,0 ,0 ,0 ,0 ,0 ,0 ,0 ,0 ,0 ,0 
A;CY;MEUR_KP_PRE;OBJ02,0 ,0 ,0 ,0 ,0 ,0 ,0 ,0 ,0 ,0 ,0 ,0 ,0 ,0 ,0 ,0 ,0 ,0 
A;CZ;MEUR_KP_PRE;OBJ02,0 ,0 ,0 ,0 ,0 ,0 ,0 ,0 ,0 ,0 ,0 ,0 ,0 ,0 ,0 ,0 ,0 ,0 
A;DE;MEUR_KP_PRE;OBJ02,0 ,0 ,0 ,0 ,0 ,0 ,0 ,0 ,0 ,0 ,0 ,0 ,0 ,0 ,0 ,0 ,0 ,0 
A;DK;MEUR_KP_PRE;OBJ02,0 ,0 ,0 ,0 ,0 ,0 ,0 ,0 ,0 ,0 ,0 ,0 ,0 ,0 ,0 ,0 ,0 ,0 
A;EE;MEUR_KP_PRE;OBJ02,0 ,0 ,0 ,0 ,0 ,0 ,0 ,0 ,0 ,0 ,0 ,0 ,0 ,0 ,0 ,0 ,0 ,0 
A;EL;MEUR_KP_PRE;OBJ02,0 ,0 ,0 ,0 ,0 ,0 ,0 ,0 ,0 ,0 ,0 ,0 ,0 ,0 ,0 ,0 ,0 ,0 
A;ES;MEUR_KP_PRE;OBJ02,0 ,0 ,0 ,0 ,0 ,0 ,0 ,0 ,0 ,0 ,0 ,0 ,0 ,0 ,0 ,0 ,0 ,0 
A;EU28;MEUR_KP_PRE;OBJ02,0 ,0 ,0 ,0 ,0 ,0 ,0 ,0 ,0 ,0 ,0 ,0 ,0 ,0 ,0 ,0 ,0 ,0 
A;FI;MEUR_KP_PRE;OBJ02,0 ,0 ,0 ,0 ,0 ,0 ,0 ,0 ,0 ,0 ,0 ,0 ,0 ,0 ,0 ,0 ,0 ,0 
A;FR;MEUR_KP_PRE;OBJ02,0 ,0 ,0 ,0 ,0 ,0 ,0 ,0 ,0 ,0 ,0 ,0 ,0 ,0 ,0 ,0 ,0 ,0 
A;HR;MEUR_KP_PRE;OBJ02,0 ,0 ,0 ,0 ,0 ,0 ,0 ,0 ,0 ,0 ,0 ,0 ,0 ,0 ,0 ,0 ,0 ,0 
A;HU;MEUR_KP_PRE;OBJ02,0 ,0 ,0 ,0 ,0 ,0 ,0 ,0 ,0 ,0 ,0 ,0 ,0 ,0 ,0 ,0 ,0 ,0 
A;IE;MEUR_KP_PRE;OBJ02,0 ,0 ,0 ,0 ,0 ,0 ,0 ,0 ,0 ,0 ,0 ,0 ,0 ,0 ,0 ,0 ,0 ,0 
A;IT;MEUR_KP_PRE;OBJ02,0 ,0 ,0 ,0 ,0 ,0 ,0 ,0 ,0 ,0 ,0 ,0 ,0 ,0 ,0 ,0 ,0 ,0 
A;LT;MEUR_KP_PRE;OBJ02,0 ,0 ,0 ,0 ,0 ,0 ,0 ,0 ,0 ,0 ,0 ,0 ,0 ,0 ,0 ,0 ,0 ,0 
A;LU;MEUR_KP_PRE;OBJ02,0 ,0 ,0 ,0 ,0 ,0 ,0 ,0 ,0 ,0 ,0 ,0 ,0 ,0 ,0 ,0 ,0 ,0 
A;LV;MEUR_KP_PRE;OBJ02,0 ,0 ,0 ,0 ,0 ,0 ,0 ,0 ,0 ,0 ,0 ,0 ,0 ,0 ,0 ,0 ,0 ,0 
A;MT;MEUR_KP_PRE;OBJ02,0 ,0 ,0 ,0 ,0 ,0 ,0 ,0 ,0 ,0 ,0 ,0 ,0 ,0 ,0 ,0 ,0 ,0 
A;NL;MEUR_KP_PRE;OBJ02,0 ,0 ,0 ,0 ,0 ,0 ,0 ,0 ,0 ,0 ,0 ,0 ,0 ,0 ,0 ,0 ,0 ,0 
A;PL;MEUR_KP_PRE;OBJ02,0 ,0 ,0 ,0 ,0 ,0 ,0 ,0 ,0 ,0 ,0 ,0 ,0 ,0 ,0 ,0 ,0 ,0 
A;PT;MEUR_KP_PRE;OBJ02,0 ,0 ,0 ,0 ,0 ,0 ,0 ,0 ,0 ,0 ,0 ,0 ,0 ,0 ,0 ,0 ,0 ,0 
A;RO;MEUR_KP_PRE;OBJ02,0 ,0 ,0 ,0 ,0 ,0 ,0 ,0 ,0 ,0 ,0 ,0 ,0 ,0 ,0 ,0 ,0 ,0 
A;SE;MEUR_KP_PRE;OBJ02,0 ,0 ,0 ,0 ,0 ,0 ,0 ,0 ,0 ,0 ,0 ,0 ,0 ,0 ,0 ,0 ,0 ,0 
A;SI;MEUR_KP_PRE;OBJ02,0 ,0 ,0 ,0 ,0 ,0 ,0 ,0 ,0 ,0 ,0 ,0 ,0 ,0 ,0 ,0 ,0 ,0 
A;SK;MEUR_KP_PRE;OBJ02,0 ,0 ,0 ,0 ,0 ,0 ,0 ,0 ,0 ,0 ,0 ,0 ,0 ,0 ,0 ,0 ,0 ,0 
A;UK;MEUR_KP_PRE;OBJ02,0 ,0 ,0 ,0 ,0 ,0 ,0 ,0 ,0 ,0 ,0 ,0 ,0 ,0 ,0 ,0 ,0 ,0 
A;AT;MEUR_KP_PRE;OBJ03,82.3 ,93.8 ,127.7 ,341.8 ,478.9 ,444.4 ,415.4 ,495.1 ,699.8 ,872.5 ,1006.4 ,941.8 ,1140.3 ,1120.3 ,759.6 ,1345.1 ,1372.6 ,1337.6 
A;BE;MEUR_KP_PRE;OBJ03,4.5 ,32.9 ,1.9 ,6.8 ,16.7 ,67 ,176.9 ,219.2 ,134.8 ,290.4 ,440.6 ,329.7 ,299 ,445 ,123.3 ,54.9 ,74.4 ,93.1 
A;BG;MEUR_KP_PRE;OBJ03,0 ,0 ,3.7 ,0.9 ,0.8 ,0.1 ,0 ,0 ,0 ,0 ,1 ,2.2 ,308.1 ,308.1 ,308.1 ,320.9 ,393.1 ,518.1 
A;CY;MEUR_KP_PRE;OBJ03,1.7 ,1 ,2.3 ,3.1 ,1.6 ,1.2 ,0.3 ,1.4 ,5.4 ,4.5 ,0.1 ,5.2 ,3.7 ,49.3 ,48.3 ,68.7 ,70.7 ,54 
A;CZ;MEUR_KP_PRE;OBJ03,39.5 ,26.2 ,28.2 ,82 ,42.9 ,9.3 ,20.8 ,3.8 ,7.8 ,9.7 ,43.2 ,63.3 ,77.2 ,280.9 ,291.1 ,365.5 ,1582.6 ,1752 
A;DE;MEUR_KP_PRE;OBJ03,3703.2 ,4340.1 ,5032.2 ,5855.6 ,6666.4 ,7188 ,8145.7 ,5940.5 ,5808.7 ,5624.8 ,5517.1 ,3609.8 ,4026.9 ,4684.5 ,29560.7 ,30692.3 ,34794 ,36191.6 
A;DK;MEUR_KP_PRE;OBJ03,755.4 ,801 ,661.4 ,456.9 ,527.1 ,508.2 ,344.5 ,372.8 ,258.1 ,485 ,307.4 ,337.9 ,573.1 ,553 ,680.5 ,1646.4 ,2818.8 ,2957.5 
A;EE;MEUR_KP_PRE;OBJ03,1.8 ,2.5 ,0 ,0.1 ,0.1 ,0.9 ,0.4 ,0.2 ,2.2 ,0.8 ,5.4 ,3.4 ,7.1 ,57.6 ,94.3 ,140.1 ,138.4 ,158.5 
A;EL;MEUR_KP_PRE;OBJ03,0.9 ,0 ,0 ,12.3 ,15.8 ,15.4 ,22 ,4.5 ,21 ,36.4 ,0 ,1.4 ,6.4 ,56.3 ,14.4 ,28.5 ,12 ,19.5 
A;ES;MEUR_KP_PRE;OBJ03,36.7 ,53.4 ,49.9 ,50.7 ,97.7 ,167.9 ,173.8 ,197.9 ,515.3 ,824.2 ,753 ,826.6 ,943.6 ,47.4 ,151.3 ,58.9 ,388.3 ,121 
A;EU28;MEUR_KP_PRE;OBJ03,5601.1 ,6846.8 ,7970.9 ,9703.4 ,11989.2 ,13126.7 ,14443.5 ,12316.3 ,13026.4 ,14235.7 ,14053.8 ,13003.4 ,14788 ,15822.1 ,42394 ,46805.3 ,57104.8 ,61278.1 
A;FI;MEUR_KP_PRE;OBJ03,71.4 ,74.1 ,91.2 ,219.6 ,231.9 ,214.5 ,232.6 ,242.5 ,268.8 ,335.9 ,322.6 ,1026.9 ,625.2 ,726.6 ,935.3 ,1026.5 ,1185.2 ,1310 
A;FR;MEUR_KP_PRE;OBJ03,284.3 ,223.4 ,357.5 ,157.1 ,132.6 ,147.6 ,148.2 ,163.6 ,165.6 ,562.7 ,526 ,573.8 ,737 ,774 ,944.5 ,2198.1 ,3488.6 ,4505.3 
A;HR;MEUR_KP_PRE;OBJ03,0 ,0 ,0 ,0 ,0 ,0 ,0 ,0 ,0 ,0 ,0 ,0 ,0 ,2.9 ,14.3 ,147.1 ,204.4 ,46.1 
A;HU;MEUR_KP_PRE;OBJ03,17.5 ,10.5 ,56.8 ,4.7 ,1.6 ,8.4 ,12.7 ,3.6 ,90.1 ,38.8 ,13.4 ,13.5 ,39.7 ,44 ,39.8 ,64.8 ,31.8 ,242.6 
A;IE;MEUR_KP_PRE;OBJ03,2.7 ,1 ,1 ,6.6 ,6.6 ,9.4 ,4.6 ,11.4 ,39.4 ,51 ,81.3 ,62.2 ,59 ,67 ,100.7 ,118.7 ,185.4 ,324.2 
A;IT;MEUR_KP_PRE;OBJ03,32.1 ,25.5 ,6.7 ,151.3 ,42 ,72.6 ,128.8 ,79.5 ,75.7 ,97.1 ,75 ,48.9 ,67.5 ,57.8 ,124.3 ,60.9 ,51.2 ,893.1 
A;LT;MEUR_KP_PRE;OBJ03,0 ,0 ,0 ,0 ,0 ,2.6 ,9.8 ,18.3 ,21.5 ,31.8 ,2.9 ,7.1 ,7.7 ,3.9 ,11.5 ,109 ,106.2 ,137.2 
A;LU;MEUR_KP_PRE;OBJ03,0.8 ,0.8 ,0.2 ,0 ,0 ,3.5 ,2.9 ,0.8 ,8.1 ,7.9 ,12.6 ,31 ,11.8 ,5.4 ,83.5 ,125.7 ,128.2 ,90.2 
A;LV;MEUR_KP_PRE;OBJ03,0.4 ,0 ,0 ,0 ,0 ,0 ,2 ,5.8 ,9.8 ,10.6 ,55.6 ,36.3 ,12.4 ,10.3 ,15.4 ,37.4 ,39.9 ,39.2 
A;MT;MEUR_KP_PRE;OBJ03,0 ,0 ,0 ,0 ,0 ,0 ,0 ,0 ,0 ,0 ,0 ,0 ,0 ,0 ,0 ,0 ,0.1 ,0.7 
A;NL;MEUR_KP_PRE;OBJ03,164.5 ,326.2 ,469.4 ,500.9 ,573.1 ,763.3 ,937.8 ,787.4 ,980.9 ,1062.4 ,1051.7 ,1112.7 ,1094.7 ,1018.4 ,1008.8 ,1061.8 ,1123 ,1145.9 
A;PL;MEUR_KP_PRE;OBJ03,83.3 ,23.5 ,37.4 ,77.4 ,10.6 ,7.5 ,12.4 ,2.1 ,255.3 ,298.8 ,372.1 ,153.2 ,7.2 ,3.8 ,944.7 ,970 ,1042.7 ,1402 
A;PT;MEUR_KP_PRE;OBJ03,4.2 ,0.4 ,0.9 ,1.4 ,0.7 ,0.5 ,0.5 ,1.1 ,0.1 ,3.3 ,2.3 ,2.4 ,9.4 ,0 ,0.2 ,0 ,0 ,0.1 
A;RO;MEUR_KP_PRE;OBJ03,0 ,0 ,8 ,8.6 ,9.2 ,7.7 ,9 ,10.9 ,15.1 ,0 ,0 ,231.7 ,462.3 ,628 ,618.4 ,714.2 ,805.5 ,766.9 
A;SE;MEUR_KP_PRE;OBJ03,191.4 ,169.2 ,162.7 ,822.1 ,1976.7 ,2285.1 ,2436.7 ,2452.5 ,2324.9 ,1951.6 ,2284.5 ,2481.4 ,2630.5 ,2779.9 ,2598.6 ,2594.1 ,3081 ,3174 
A;SI;MEUR_KP_PRE;OBJ03,13.2 ,27.5 ,27 ,38.6 ,26.2 ,14.8 ,4.7 ,19 ,26.1 ,28 ,47.4 ,69 ,89.4 ,130.3 ,157.3 ,169.9 ,176.6 ,182.6 
A;SK;MEUR_KP_PRE;OBJ03,6.5 ,0 ,0 ,0 ,0 ,0 ,5.9 ,25.9 ,47.7 ,73.2 ,87.3 ,22.4 ,12.7 ,31 ,26.1 ,30.2 ,25.2 ,65.3 
A;UK;MEUR_KP_PRE;OBJ03,102.9 ,613.6 ,845 ,904.9 ,1130 ,1186.8 ,1195 ,1256.5 ,1244.4 ,1534.5 ,1045 ,1009.6 ,1536.2 ,1936.1 ,2738.9 ,2655.9 ,3785.2 ,3750 
A;AT;MEUR_KP_PRE;OBJ04,0 ,0 ,0 ,0 ,0 ,0 ,0 ,0 ,0 ,0 ,0 ,0 ,0 ,0 ,0 ,0 ,0 ,0 
A;BE;MEUR_KP_PRE;OBJ04,0 ,0 ,0 ,0 ,0 ,0 ,0 ,0 ,0 ,0 ,0 ,0 ,0 ,0 ,0 ,0 ,0 ,0 
A;BG;MEUR_KP_PRE;OBJ04,0 ,0 ,0 ,0 ,0 ,0 ,0 ,0 ,0 ,0 ,0 ,0 ,0 ,0 ,0 ,0 ,0 ,0 
A;CY;MEUR_KP_PRE;OBJ04,0 ,0 ,0 ,0 ,0 ,0 ,0 ,0 ,0 ,0 ,0 ,0 ,0 ,0 ,0 ,0 ,0 ,0 
A;CZ;MEUR_KP_PRE;OBJ04,0 ,0 ,0 ,0 ,0 ,0 ,0 ,0 ,0 ,0 ,0 ,0 ,0 ,0 ,0 ,0 ,0 ,0 
A;DE;MEUR_KP_PRE;OBJ04,0 ,0 ,0 ,0 ,0 ,0 ,0 ,0 ,0 ,0 ,0 ,0 ,0 ,0 ,0 ,0 ,0 ,0 
A;DK;MEUR_KP_PRE;OBJ04,0 ,0 ,0 ,0 ,0 ,0 ,0 ,0 ,0 ,0 ,0 ,0 ,0 ,0 ,0 ,0 ,0 ,0 
A;EE;MEUR_KP_PRE;OBJ04,0 ,0 ,0 ,0 ,0 ,0 ,0 ,0 ,0 ,0 ,0 ,0 ,0 ,0 ,0 ,0 ,0 ,0 
A;EL;MEUR_KP_PRE;OBJ04,0 ,0 ,0 ,0 ,0 ,0 ,0 ,0 ,0 ,0 ,0 ,0 ,0 ,0 ,0 ,0 ,0 ,0 
A;ES;MEUR_KP_PRE;OBJ04,0 ,0 ,0 ,0 ,0 ,0 ,0 ,0 ,0 ,0 ,0 ,0 ,0 ,0 ,0 ,0 ,0 ,0 
A;EU28;MEUR_KP_PRE;OBJ04,0 ,0 ,0 ,0 ,0 ,0 ,0 ,0 ,0 ,0 ,0 ,0 ,0 ,0 ,0 ,0 ,0 ,0 
A;FI;MEUR_KP_PRE;OBJ04,0 ,0 ,0 ,0 ,0 ,0 ,0 ,0 ,0 ,0 ,0 ,0 ,0 ,0 ,0 ,0 ,0 ,0 
A;FR;MEUR_KP_PRE;OBJ04,0 ,0 ,0 ,0 ,0 ,0 ,0 ,0 ,0 ,0 ,0 ,0 ,0 ,0 ,0 ,0 ,0 ,0 
A;HR;MEUR_KP_PRE;OBJ04,0 ,0 ,0 ,0 ,0 ,0 ,0 ,0 ,0 ,0 ,0 ,0 ,0 ,0 ,0 ,0 ,0 ,0 
A;HU;MEUR_KP_PRE;OBJ04,0 ,0 ,0 ,0 ,0 ,0 ,0 ,0 ,0 ,0 ,0 ,0 ,0 ,0 ,0 ,0 ,0 ,0 
A;IE;MEUR_KP_PRE;OBJ04,0 ,0 ,0 ,0 ,0 ,0 ,0 ,0 ,0 ,0 ,0 ,0 ,0 ,0 ,0 ,0 ,0 ,0 
A;IT;MEUR_KP_PRE;OBJ04,0 ,0 ,0 ,0 ,0 ,0 ,0 ,0 ,0 ,0 ,0 ,0 ,0 ,0 ,0 ,0 ,0 ,0 
A;LT;MEUR_KP_PRE;OBJ04,0 ,0 ,0 ,0 ,0 ,0 ,0 ,0 ,0 ,0 ,0 ,0 ,0 ,0 ,0 ,0 ,0 ,0 
A;LU;MEUR_KP_PRE;OBJ04,0 ,0 ,0 ,0 ,0 ,0 ,0 ,0 ,0 ,0 ,0 ,0 ,0 ,0 ,0 ,0 ,0 ,0 
A;LV;MEUR_KP_PRE;OBJ04,0 ,0 ,0 ,0 ,0 ,0 ,0 ,0 ,0 ,0 ,0 ,0 ,0 ,0 ,0 ,0 ,0 ,0 
A;MT;MEUR_KP_PRE;OBJ04,0 ,0 ,0 ,0 ,0 ,0 ,0 ,0 ,0 ,0 ,0 ,0 ,0 ,0 ,0 ,0 ,0 ,0 
A;NL;MEUR_KP_PRE;OBJ04,0 ,0 ,0 ,0 ,0 ,0 ,0 ,0 ,0 ,0 ,0 ,0 ,0 ,0 ,0 ,0 ,0 ,0 
A;PL;MEUR_KP_PRE;OBJ04,0 ,0 ,0 ,0 ,0 ,0 ,0 ,0 ,0 ,0 ,0 ,0 ,0 ,0 ,0 ,0 ,0 ,0 
A;PT;MEUR_KP_PRE;OBJ04,0 ,0 ,0 ,0 ,0 ,0 ,0 ,0 ,0 ,0 ,0 ,0 ,0 ,0 ,0 ,0 ,0 ,0 
A;RO;MEUR_KP_PRE;OBJ04,0 ,0 ,0 ,0 ,0 ,0 ,0 ,0 ,0 ,0 ,0 ,0 ,0 ,0 ,0 ,0 ,0 ,0 
A;SE;MEUR_KP_PRE;OBJ04,0 ,0 ,0 ,0 ,0 ,0 ,0 ,0 ,0 ,0 ,0 ,0 ,0 ,0 ,0 ,0 ,0 ,0 
A;SI;MEUR_KP_PRE;OBJ04,0 ,0 ,0 ,0 ,0 ,0 ,0 ,0 ,0 ,0 ,0 ,0 ,0 ,0 ,0 ,0 ,0 ,0 
A;SK;MEUR_KP_PRE;OBJ04,0 ,0 ,0 ,0 ,0 ,0 ,0 ,0 ,0 ,0 ,0 ,0 ,0 ,0 ,0 ,0 ,0 ,0 
A;UK;MEUR_KP_PRE;OBJ04,0 ,0 ,0 ,0 ,0 ,0 ,0 ,0 ,0 ,0 ,0 ,0 ,0 ,0 ,0 ,0 ,0 ,0 
A;AT;MEUR_KP_PRE;OBJ05,17 ,27.8 ,19.1 ,23.4 ,27.6 ,19.2 ,14.6 ,33.8 ,5.5 ,4 ,0 ,0 ,0 ,0.4 ,2.6 ,2 ,0.1 ,0 
A;BE;MEUR_KP_PRE;OBJ05,152.5 ,149.4 ,73.5 ,36.3 ,33.2 ,42.6 ,42.9 ,43.2 ,48.8 ,112.8 ,127 ,125.9 ,134 ,148.7 ,142.3 ,135.3 ,130.5 ,118.9 
A;BG;MEUR_KP_PRE;OBJ05,0 ,0 ,21.1 ,5.6 ,10.5 ,2.6 ,0.4 ,0 ,0 ,0 ,3.5 ,0 ,7.8 ,9.5 ,1.7 ,0 ,0 ,0.7 
A;CY;MEUR_KP_PRE;OBJ05,0 ,0 ,0 ,0 ,0 ,0 ,0 ,1.1 ,1 ,0.1 ,0.1 ,0.3 ,0.5 ,0.2 ,0 ,0 ,0 ,0 
A;CZ;MEUR_KP_PRE;OBJ05,5.8 ,10.7 ,14.1 ,6.6 ,1.9 ,1.3 ,36.2 ,18.7 ,1.7 ,2.3 ,1 ,0.1 ,0.3 ,0.1 ,0 ,0 ,0 ,0.1 
A;DE;MEUR_KP_PRE;OBJ05,77.6 ,89.3 ,61.7 ,61 ,84 ,73.5 ,47.6 ,37 ,6.7 ,6.1 ,65.4 ,33.6 ,51.6 ,0.4 ,0.4 ,0.1 ,0 ,0 
A;DK;MEUR_KP_PRE;OBJ05,291.5 ,386.6 ,454.5 ,504.6 ,647.7 ,764.6 ,890.8 ,943.2 ,1090 ,1242.3 ,1301 ,1405.2 ,1336.9 ,1330.4 ,1155.8 ,1016.3 ,946.8 ,868.6 
A;EE;MEUR_KP_PRE;OBJ05,0 ,0 ,0 ,0 ,0 ,0.1 ,0.3 ,0.3 ,0.1 ,0.1 ,0.1 ,0 ,0.1 ,3.3 ,1.9 ,0 ,0.1 ,0.1 
A;EL;MEUR_KP_PRE;OBJ05,0 ,0 ,0 ,7.8 ,19.4 ,55.8 ,17.2 ,1.2 ,0 ,0 ,0 ,0 ,0 ,0 ,3.2 ,20.2 ,1.3 ,8.4 
A;ES;MEUR_KP_PRE;OBJ05,156.9 ,85.7 ,63.6 ,55.4 ,43.5 ,44.1 ,43.6 ,46.9 ,34.9 ,40.1 ,53.6 ,43.1 ,37 ,51.9 ,45.6 ,64.9 ,49.5 ,58.5 
A;EU28;MEUR_KP_PRE;OBJ05,2415.5 ,2033 ,1199.6 ,1919.1 ,2019.6 ,3145.3 ,3510.5 ,2784.2 ,3207.7 ,2631.1 ,2803.3 ,2747.8 ,2802.3 ,2898.3 ,2723.5 ,2552.8 ,2295.7 ,2519.7 
A;FI;MEUR_KP_PRE;OBJ05,32 ,28.6 ,27.3 ,31 ,34.4 ,41.1 ,42.1 ,49.2 ,51.1 ,42.8 ,44.6 ,68.4 ,77.2 ,81.1 ,70.4 ,52.2 ,43.1 ,54 
A;FR;MEUR_KP_PRE;OBJ05,48.5 ,42.3 ,24.8 ,64 ,299.3 ,1184.9 ,1426.8 ,637.1 ,138.8 ,20.7 ,13.2 ,5.7 ,7.1 ,7.7 ,11.2 ,6.5 ,3.7 ,3.8 
A;HR;MEUR_KP_PRE;OBJ05,0 ,0 ,0 ,0 ,0 ,0 ,0 ,0 ,0 ,0 ,0 ,0 ,0 ,0 ,3.6 ,3.9 ,3.9 ,4 
A;HU;MEUR_KP_PRE;OBJ05,13.3 ,26.3 ,30.7 ,57.2 ,38.3 ,30.6 ,76.5 ,115.4 ,609 ,202.8 ,178 ,168.4 ,167.3 ,130.5 ,36.5 ,113.1 ,117.8 ,130.1 
A;IE;MEUR_KP_PRE;OBJ05,24.7 ,61.7 ,50.2 ,67.9 ,47.6 ,51.2 ,34.4 ,28.8 ,29.2 ,13.4 ,14.8 ,12.8 ,16.2 ,9.2 ,0 ,0 ,0 ,0 
A;IT;MEUR_KP_PRE;OBJ05,313.1 ,244.3 ,72.5 ,428 ,437.9 ,448.5 ,269.2 ,228.6 ,328.6 ,232.2 ,162.3 ,78 ,100.8 ,161.4 ,283.8 ,282.3 ,167.1 ,354.3 
A;LT;MEUR_KP_PRE;OBJ05,0 ,0 ,0 ,0 ,0 ,1.6 ,2.9 ,4 ,6 ,6 ,7 ,9.1 ,10.6 ,12.7 ,15.6 ,17.8 ,12.8 ,28.9 
A;LU;MEUR_KP_PRE;OBJ05,0 ,0 ,0 ,0 ,0 ,0 ,0 ,0 ,0 ,0 ,0 ,0 ,0 ,0 ,0 ,0 ,0 ,0 
A;LV;MEUR_KP_PRE;OBJ05,0 ,0 ,0 ,0 ,0 ,0 ,0 ,0 ,0.3 ,0.8 ,0.9 ,1.9 ,0.7 ,1.2 ,2.2 ,0 ,0 ,0 
A;MT;MEUR_KP_PRE;OBJ05,0 ,0 ,0 ,0 ,0 ,0 ,0 ,0.2 ,0 ,0 ,0 ,6.2 ,6.6 ,0 ,4.3 ,0.6 ,3.2 ,2.8 
A;NL;MEUR_KP_PRE;OBJ05,0 ,0.9 ,2.1 ,1.4 ,4.9 ,0.8 ,58.6 ,40.3 ,45.6 ,0 ,0 ,0 ,0 ,0 ,1.9 ,0.2 ,0.3 ,0.2 
A;PL;MEUR_KP_PRE;OBJ05,453.6 ,73.5 ,52.8 ,511.7 ,252 ,305.9 ,418.9 ,483.1 ,747.2 ,627.6 ,721.3 ,669.7 ,718.7 ,781.8 ,733 ,704 ,692.1 ,767.1 
A;PT;MEUR_KP_PRE;OBJ05,97.7 ,108.1 ,39.1 ,27.5 ,8.1 ,38.5 ,43.1 ,39.7 ,55.5 ,52 ,73.3 ,96.4 ,43.4 ,43.7 ,25.3 ,14.2 ,13.5 ,0.8 
A;RO;MEUR_KP_PRE;OBJ05,0 ,0 ,2.3 ,7.5 ,0.2 ,0.1 ,0.1 ,0.9 ,0.7 ,0.2 ,0 ,0.1 ,0.2 ,0 ,0 ,0 ,0 ,0 
A;SE;MEUR_KP_PRE;OBJ05,122.4 ,96.9 ,109.4 ,0 ,0 ,4.6 ,4.9 ,3 ,2.2 ,1.6 ,1.5 ,1.3 ,0.7 ,0.1 ,1.5 ,9 ,9.7 ,6.7 
A;SI;MEUR_KP_PRE;OBJ05,64.2 ,22 ,19.4 ,18.1 ,23 ,15.4 ,16.5 ,7.2 ,2 ,12.5 ,17.5 ,13.4 ,79.5 ,96.9 ,109.7 ,89.2 ,89.8 ,98.5 
A;SK;MEUR_KP_PRE;OBJ05,0 ,0 ,0 ,0 ,0.1 ,1 ,1.4 ,4.1 ,0.7 ,0.1 ,0 ,0.1 ,0.2 ,1.1 ,1.4 ,0.5 ,0.5 ,0.6 
A;UK;MEUR_KP_PRE;OBJ05,544.7 ,578.9 ,61.7 ,4.2 ,5.9 ,17.3 ,21.3 ,17 ,2.4 ,10.6 ,17.3 ,7.9 ,4.9 ,25.9 ,69.4 ,20.5 ,10 ,12.8 
A;AT;MEUR_KP_PRE;OBJ06,0 ,0 ,47 ,38.2 ,4 ,36 ,37 ,5.7 ,16.6 ,25.8 ,30.6 ,28.6 ,28.2 ,26.7 ,26 ,5 ,12.7 ,10.6 
A;BE;MEUR_KP_PRE;OBJ06,43.2 ,21.1 ,39.9 ,15.7 ,60.3 ,52.3 ,26.6 ,31.7 ,48.6 ,59 ,42.3 ,49.4 ,38.8 ,45.8 ,32.5 ,33.8 ,48.9 ,48.2 
A;BG;MEUR_KP_PRE;OBJ06,0 ,0 ,0 ,0 ,0 ,0 ,0 ,0.6 ,0.1 ,0.1 ,0.9 ,0.1 ,0 ,0 ,0 ,0 ,0 ,0 
A;CY;MEUR_KP_PRE;OBJ06,5.6 ,5.2 ,5.6 ,5.6 ,6.1 ,7.8 ,8.1 ,8 ,7.8 ,7.7 ,10.7 ,17.5 ,19.3 ,13.5 ,8.4 ,6.8 ,0.4 ,0.3 
A;CZ;MEUR_KP_PRE;OBJ06,1.8 ,1.8 ,16.3 ,2.6 ,0.8 ,1.8 ,56 ,17.9 ,7 ,10.9 ,12.9 ,6.1 ,6.3 ,1.8 ,2.7 ,0.5 ,0.4 ,1.1 
A;DE;MEUR_KP_PRE;OBJ06,12.1 ,20.4 ,37.5 ,49.8 ,66.9 ,64.3 ,72.1 ,88.9 ,72.7 ,105.2 ,130.2 ,156.1 ,170.2 ,156.6 ,157.9 ,122 ,64.2 ,61.9 
A;DK;MEUR_KP_PRE;OBJ06,48.7 ,37.1 ,34.9 ,35.2 ,1.9 ,1.7 ,1.9 ,2.4 ,6.7 ,9 ,7.5 ,9.3 ,6.5 ,2.5 ,2.4 ,10.3 ,3.3 ,2.7 
A;EE;MEUR_KP_PRE;OBJ06,0 ,0 ,0 ,0 ,0 ,0.3 ,0.8 ,1 ,0.7 ,0.1 ,0 ,0 ,0 ,0 ,0 ,0.9 ,0 ,0 
A;EL;MEUR_KP_PRE;OBJ06,0 ,0 ,0 ,0 ,0 ,0 ,0 ,0.1 ,1.1 ,0.3 ,0 ,0 ,0 ,0 ,0.2 ,0.2 ,0 ,0 
A;ES;MEUR_KP_PRE;OBJ06,287.7 ,274.2 ,265.5 ,136.3 ,35.6 ,51 ,78.9 ,51.7 ,61.4 ,114.3 ,57.6 ,46.6 ,5.7 ,5.9 ,3.9 ,6.6 ,6.3 ,6.7 
A;EU28;MEUR_KP_PRE;OBJ06,587 ,818 ,790.7 ,776.8 ,938.2 ,638.1 ,840.7 ,650.2 ,859.8 ,971.1 ,846.5 ,906.9 ,1080.7 ,824.5 ,641.2 ,762.5 ,479.9 ,525.1 
A;FI;MEUR_KP_PRE;OBJ06,0.1 ,0.2 ,0.1 ,0.2 ,0 ,0.2 ,0.5 ,10.6 ,10.3 ,15.5 ,26.4 ,28.7 ,7.4 ,7.7 ,6.5 ,3.8 ,2.7 ,3 
A;FR;MEUR_KP_PRE;OBJ06,47 ,40.3 ,32.1 ,33.4 ,39.4 ,31.1 ,30.9 ,76.4 ,29 ,97.5 ,79 ,94.3 ,58.2 ,83.6 ,82.6 ,89.5 ,41.7 ,27.7 
A;HR;MEUR_KP_PRE;OBJ06,0 ,0 ,0 ,0 ,0 ,0 ,0 ,0 ,0 ,0 ,0 ,0 ,0 ,0 ,0 ,26.8 ,22.3 ,23.3 
A;HU;MEUR_KP_PRE;OBJ06,0 ,0.8 ,0.8 ,17.9 ,6.8 ,4.1 ,11.1 ,26.4 ,56.5 ,30 ,28.5 ,30.2 ,10.2 ,2.5 ,11.2 ,7 ,6.2 ,8.9 
A;IE;MEUR_KP_PRE;OBJ06,10.6 ,15.9 ,15 ,9.6 ,15.5 ,17.6 ,30.1 ,30.9 ,49.7 ,39.3 ,38.5 ,31.5 ,27.2 ,24.6 ,28.3 ,30.6 ,30.5 ,37.2 
A;IT;MEUR_KP_PRE;OBJ06,0 ,120.2 ,115 ,223.3 ,371 ,182 ,255.9 ,128.4 ,374.2 ,287.2 ,206.8 ,211.7 ,539.2 ,254.4 ,98.4 ,236.5 ,185.4 ,140.8 
A;LT;MEUR_KP_PRE;OBJ06,0 ,0 ,0 ,0 ,0 ,0.1 ,3 ,14.1 ,16.5 ,0.9 ,0 ,0 ,2.1 ,1.3 ,0.9 ,0.7 ,0.6 ,3.8 
A;LU;MEUR_KP_PRE;OBJ06,0 ,0 ,0 ,0 ,0 ,0 ,0 ,0 ,0 ,0 ,0 ,0 ,0 ,0 ,0 ,0 ,0 ,0 
A;LV;MEUR_KP_PRE;OBJ06,0 ,0 ,0 ,0 ,0 ,0 ,0.2 ,2 ,1.1 ,0 ,0 ,0 ,0 ,0 ,8.1 ,5.9 ,1.9 ,3.1 
A;MT;MEUR_KP_PRE;OBJ06,0.7 ,1 ,0.7 ,0.5 ,0.9 ,1.6 ,2.8 ,1.4 ,0.5 ,0.9 ,1.9 ,3.3 ,3.1 ,1 ,0 ,1.3 ,0 ,0.5 
A;NL;MEUR_KP_PRE;OBJ06,0 ,0 ,0 ,0 ,0 ,0.6 ,0.1 ,0 ,1 ,0.5 ,0.8 ,2.4 ,0.4 ,4.4 ,3.1 ,2 ,4.1 ,83.1 
A;PL;MEUR_KP_PRE;OBJ06,0 ,121.8 ,88.5 ,21.6 ,6.6 ,22.1 ,54.5 ,60.2 ,21.1 ,94.6 ,53.9 ,103.8 ,72.6 ,75.2 ,19.3 ,0 ,0.1 ,0.2 
A;PT;MEUR_KP_PRE;OBJ06,105.2 ,119.1 ,33.3 ,42.3 ,98.1 ,35.5 ,18.7 ,14.1 ,10 ,8.7 ,6.8 ,6 ,11.2 ,2.8 ,2.8 ,0.7 ,1.3 ,1.2 
A;RO;MEUR_KP_PRE;OBJ06,0 ,0 ,0 ,0 ,0 ,0 ,0.1 ,0.2 ,0.8 ,0 ,0 ,0.5 ,0.6 ,0.1 ,0 ,0 ,0 ,0 
A;SE;MEUR_KP_PRE;OBJ06,13.9 ,12.4 ,3.1 ,2.8 ,0 ,0 ,0 ,0 ,0.3 ,3 ,19.7 ,21.9 ,25.7 ,19.1 ,11.6 ,1.3 ,4.3 ,2 
A;SI;MEUR_KP_PRE;OBJ06,2.1 ,3.3 ,3.1 ,2.8 ,3.7 ,1.5 ,1.9 ,3.4 ,0.7 ,0.3 ,0.6 ,0.1 ,4.3 ,2.8 ,2 ,0.8 ,0.1 ,0.7 
A;SK;MEUR_KP_PRE;OBJ06,0 ,0 ,0 ,0 ,3.8 ,4.5 ,8.6 ,3.9 ,2.3 ,8.7 ,17.3 ,2.1 ,3.9 ,1.6 ,0.5 ,5.2 ,5 ,3.3 
A;UK;MEUR_KP_PRE;OBJ06,8.4 ,23 ,52.5 ,139.3 ,216.7 ,122 ,140.9 ,70.2 ,63.1 ,51.6 ,73.5 ,56.8 ,39.7 ,90.7 ,132 ,164.3 ,37.4 ,54.9 
A;AT;MEUR_KP_PRE;OBJ07,0 ,0 ,0 ,0 ,0 ,0 ,0 ,0 ,0 ,0 ,0 ,0 ,0 ,0 ,0 ,0 ,0 ,0 
A;BE;MEUR_KP_PRE;OBJ07,0 ,0 ,0 ,0 ,0 ,0 ,0 ,0 ,0 ,0 ,0 ,0 ,0 ,0 ,0 ,0 ,0 ,0 
A;BG;MEUR_KP_PRE;OBJ07,0 ,0 ,0 ,0 ,0 ,0 ,0 ,0 ,0 ,0 ,0 ,0 ,0 ,0 ,0 ,0 ,0 ,0 
A;CY;MEUR_KP_PRE;OBJ07,0 ,0 ,0 ,0 ,0 ,0 ,0 ,0 ,0 ,0 ,0 ,0 ,0 ,0 ,0 ,0 ,0 ,0 
A;CZ;MEUR_KP_PRE;OBJ07,0 ,0 ,0 ,0 ,0 ,0 ,0 ,0 ,0 ,0 ,0 ,0 ,0 ,0 ,0 ,0 ,0 ,0 
A;DE;MEUR_KP_PRE;OBJ07,0 ,0 ,0 ,0 ,0 ,0 ,0 ,0 ,0 ,0 ,0 ,0 ,0 ,0 ,0 ,0 ,0 ,0 
A;DK;MEUR_KP_PRE;OBJ07,0 ,0 ,0 ,0 ,0 ,0 ,0 ,0 ,0 ,0 ,0 ,0 ,0 ,0 ,0 ,0 ,0 ,0 
A;EE;MEUR_KP_PRE;OBJ07,0 ,0 ,0 ,0 ,0 ,0 ,0 ,0 ,0 ,0 ,0 ,0 ,0 ,0 ,0 ,0 ,0 ,0 
A;EL;MEUR_KP_PRE;OBJ07,0 ,0 ,0 ,0 ,0 ,0 ,0 ,0 ,0 ,0 ,0 ,0 ,0 ,0 ,0 ,0 ,0 ,0 
A;ES;MEUR_KP_PRE;OBJ07,0 ,0 ,0 ,0 ,0 ,0 ,0 ,0 ,0 ,0 ,0 ,0 ,0 ,0 ,0 ,0 ,0 ,0 
A;EU28;MEUR_KP_PRE;OBJ07,0 ,0 ,0 ,0 ,0 ,0 ,0 ,0 ,0 ,0 ,0 ,0 ,0 ,0 ,0 ,0 ,0 ,0 
A;FI;MEUR_KP_PRE;OBJ07,0 ,0 ,0 ,0 ,0 ,0 ,0 ,0 ,0 ,0 ,0 ,0 ,0 ,0 ,0 ,0 ,0 ,0 
A;FR;MEUR_KP_PRE;OBJ07,0 ,0 ,0 ,0 ,0 ,0 ,0 ,0 ,0 ,0 ,0 ,0 ,0 ,0 ,0 ,0 ,0 ,0 
A;HR;MEUR_KP_PRE;OBJ07,0 ,0 ,0 ,0 ,0 ,0 ,0 ,0 ,0 ,0 ,0 ,0 ,0 ,0 ,0 ,0 ,0 ,0 
A;HU;MEUR_KP_PRE;OBJ07,0 ,0 ,0 ,0 ,0 ,0 ,0 ,0 ,0 ,0 ,0 ,0 ,0 ,0 ,0 ,0 ,0 ,0 
A;IE;MEUR_KP_PRE;OBJ07,0 ,0 ,0 ,0 ,0 ,0 ,0 ,0 ,0 ,0 ,0 ,0 ,0 ,0 ,0 ,0 ,0 ,0 
A;IT;MEUR_KP_PRE;OBJ07,0 ,0 ,0 ,0 ,0 ,0 ,0 ,0 ,0 ,0 ,0 ,0 ,0 ,0 ,0 ,0 ,0 ,0 
A;LT;MEUR_KP_PRE;OBJ07,0 ,0 ,0 ,0 ,0 ,0 ,0 ,0 ,0 ,0 ,0 ,0 ,0 ,0 ,0 ,0 ,0 ,0 
A;LU;MEUR_KP_PRE;OBJ07,0 ,0 ,0 ,0 ,0 ,0 ,0 ,0 ,0 ,0 ,0 ,0 ,0 ,0 ,0 ,0 ,0 ,0 
A;LV;MEUR_KP_PRE;OBJ07,0 ,0 ,0 ,0 ,0 ,0 ,0 ,0 ,0 ,0 ,0 ,0 ,0 ,0 ,0 ,0 ,0 ,0 
A;MT;MEUR_KP_PRE;OBJ07,0 ,0 ,0 ,0 ,0 ,0 ,0 ,0 ,0 ,0 ,0 ,0 ,0 ,0 ,0 ,0 ,0 ,0 
A;NL;MEUR_KP_PRE;OBJ07,0 ,0 ,0 ,0 ,0 ,0 ,0 ,0 ,0 ,0 ,0 ,0 ,0 ,0 ,0 ,0 ,0 ,0 
A;PL;MEUR_KP_PRE;OBJ07,0 ,0 ,0 ,0 ,0 ,0 ,0 ,0 ,0 ,0 ,0 ,0 ,0 ,0 ,0 ,0 ,0 ,0 
A;PT;MEUR_KP_PRE;OBJ07,0 ,0 ,0 ,0 ,0 ,0 ,0 ,0 ,0 ,0 ,0 ,0 ,0 ,0 ,0 ,0 ,0 ,0 
A;RO;MEUR_KP_PRE;OBJ07,0 ,0 ,0 ,0 ,0 ,0 ,0 ,0 ,0 ,0 ,0 ,0 ,0 ,0 ,0 ,0 ,0 ,0 
A;SE;MEUR_KP_PRE;OBJ07,0 ,0 ,0 ,0 ,0 ,0 ,0 ,0 ,0 ,0 ,0 ,0 ,0 ,0 ,0 ,0 ,0 ,0 
A;SI;MEUR_KP_PRE;OBJ07,0 ,0 ,0 ,0 ,0 ,0 ,0 ,0 ,0 ,0 ,0 ,0 ,0 ,0 ,0 ,0 ,0 ,0 
A;SK;MEUR_KP_PRE;OBJ07,0 ,0 ,0 ,0 ,0 ,0 ,0 ,0 ,0 ,0 ,0 ,0 ,0 ,0 ,0 ,0 ,0 ,0 
A;UK;MEUR_KP_PRE;OBJ07,0 ,0 ,0 ,0 ,0 ,0 ,0 ,0 ,0 ,0 ,0 ,0 ,0 ,0 ,0 ,0 ,0 ,0 
A;AT;MEUR_KP_PRE;OBJ08,0 ,0 ,0 ,0 ,0 ,0 ,0 ,0 ,0 ,0 ,0 ,0 ,0 ,0 ,0 ,0 ,0 ,0 
A;BE;MEUR_KP_PRE;OBJ08,0 ,0 ,0 ,0 ,0 ,0 ,0 ,0 ,0 ,0 ,0 ,0 ,0 ,0 ,0 ,0 ,0 ,0 
A;BG;MEUR_KP_PRE;OBJ08,0 ,0 ,0 ,0 ,0 ,0 ,0 ,0 ,0 ,0 ,0 ,0 ,0 ,0 ,0 ,0 ,0 ,0 
A;CY;MEUR_KP_PRE;OBJ08,0 ,0 ,0 ,0 ,0 ,0 ,0 ,0 ,0 ,0 ,0 ,0 ,0 ,0 ,0 ,0 ,0 ,0 
A;CZ;MEUR_KP_PRE;OBJ08,0 ,0 ,0 ,0 ,0 ,0 ,0 ,0 ,0 ,0 ,0 ,0 ,0 ,0 ,0 ,0 ,0 ,0 
A;DE;MEUR_KP_PRE;OBJ08,0 ,0 ,0 ,0 ,0 ,0 ,0 ,0 ,0 ,0 ,0 ,0 ,0 ,0 ,0 ,0 ,0 ,0 
A;DK;MEUR_KP_PRE;OBJ08,0 ,0 ,0 ,0 ,0 ,0 ,0 ,0 ,0 ,0 ,0 ,0 ,0 ,0 ,0 ,0 ,0 ,0 
A;EE;MEUR_KP_PRE;OBJ08,0 ,0 ,0 ,0 ,0 ,0 ,0 ,0 ,0 ,0 ,0 ,0 ,0 ,0 ,0 ,0 ,0 ,0 
A;EL;MEUR_KP_PRE;OBJ08,0 ,0 ,0 ,0 ,0 ,0 ,0 ,0 ,0 ,0 ,0 ,0 ,0 ,0 ,0 ,0 ,0 ,0 
A;ES;MEUR_KP_PRE;OBJ08,0 ,0 ,0 ,0 ,0 ,0 ,0 ,0 ,0 ,0 ,0 ,0 ,0 ,0 ,0 ,0 ,0 ,0 
A;EU28;MEUR_KP_PRE;OBJ08,0 ,0 ,0 ,0 ,0 ,0 ,0 ,0 ,0 ,0 ,0 ,0 ,0 ,0 ,0 ,0 ,0 ,0 
A;FI;MEUR_KP_PRE;OBJ08,0 ,0 ,0 ,0 ,0 ,0 ,0 ,0 ,0 ,0 ,0 ,0 ,0 ,0 ,0 ,0 ,0 ,0 
A;FR;MEUR_KP_PRE;OBJ08,0 ,0 ,0 ,0 ,0 ,0 ,0 ,0 ,0 ,0 ,0 ,0 ,0 ,0 ,0 ,0 ,0 ,0 
A;HR;MEUR_KP_PRE;OBJ08,0 ,0 ,0 ,0 ,0 ,0 ,0 ,0 ,0 ,0 ,0 ,0 ,0 ,0 ,0 ,0 ,0 ,0 
A;HU;MEUR_KP_PRE;OBJ08,0 ,0 ,0 ,0 ,0 ,0 ,0 ,0 ,0 ,0 ,0 ,0 ,0 ,0 ,0 ,0 ,0 ,0 
A;IE;MEUR_KP_PRE;OBJ08,0 ,0 ,0 ,0 ,0 ,0 ,0 ,0 ,0 ,0 ,0 ,0 ,0 ,0 ,0 ,0 ,0 ,0 
A;IT;MEUR_KP_PRE;OBJ08,0 ,0 ,0 ,0 ,0 ,0 ,0 ,0 ,0 ,0 ,0 ,0 ,0 ,0 ,0 ,0 ,0 ,0 
A;LT;MEUR_KP_PRE;OBJ08,0 ,0 ,0 ,0 ,0 ,0 ,0 ,0 ,0 ,0 ,0 ,0 ,0 ,0 ,0 ,0 ,0 ,0 
A;LU;MEUR_KP_PRE;OBJ08,0 ,0 ,0 ,0 ,0 ,0 ,0 ,0 ,0 ,0 ,0 ,0 ,0 ,0 ,0 ,0 ,0 ,0 
A;LV;MEUR_KP_PRE;OBJ08,0 ,0 ,0 ,0 ,0 ,0 ,0 ,0 ,0 ,0 ,0 ,0 ,0 ,0 ,0 ,0 ,0 ,0 
A;MT;MEUR_KP_PRE;OBJ08,0 ,0 ,0 ,0 ,0 ,0 ,0 ,0 ,0 ,0 ,0 ,0 ,0 ,0 ,0 ,0 ,0 ,0 
A;NL;MEUR_KP_PRE;OBJ08,0 ,0 ,0 ,0 ,0 ,0 ,0 ,0 ,0 ,0 ,0 ,0 ,0 ,0 ,0 ,0 ,0 ,0 
A;PL;MEUR_KP_PRE;OBJ08,0 ,0 ,0 ,0 ,0 ,0 ,0 ,0 ,0 ,0 ,0 ,0 ,0 ,0 ,0 ,0 ,0 ,0 
A;PT;MEUR_KP_PRE;OBJ08,0 ,0 ,0 ,0 ,0 ,0 ,0 ,0 ,0 ,0 ,0 ,0 ,0 ,0 ,0 ,0 ,0 ,0 
A;RO;MEUR_KP_PRE;OBJ08,0 ,0 ,0 ,0 ,0 ,0 ,0 ,0 ,0 ,0 ,0 ,0 ,0 ,0 ,0 ,0 ,0 ,0 
A;SE;MEUR_KP_PRE;OBJ08,0 ,0 ,0 ,0 ,0 ,0 ,0 ,0 ,0 ,0 ,0 ,0 ,0 ,0 ,0 ,0 ,0 ,0 
A;SI;MEUR_KP_PRE;OBJ08,0 ,0 ,0 ,0 ,0 ,0 ,0 ,0 ,0 ,0 ,0 ,0 ,0 ,0 ,0 ,0 ,0 ,0 
A;SK;MEUR_KP_PRE;OBJ08,0 ,0 ,0 ,0 ,0 ,0 ,0 ,0 ,0 ,0 ,0 ,0 ,0 ,0 ,0 ,0 ,0 ,0 
A;UK;MEUR_KP_PRE;OBJ08,0 ,0 ,0 ,0 ,0 ,0 ,0 ,0 ,0 ,0 ,0 ,0 ,0 ,0 ,0 ,0 ,0 ,0 
A;AT;MEUR_KP_PRE;OBJ09,0 ,0 ,0 ,0 ,7.5 ,8.4 ,9 ,6.3 ,15.7 ,13.5 ,21.8 ,27.6 ,35.1 ,54.4 ,56.5 ,69.8 ,65.1 ,69.8 
A;BE;MEUR_KP_PRE;OBJ09,27.1 ,15.6 ,20.6 ,28.6 ,21.4 ,18.3 ,26.2 ,59.4 ,53.9 ,73.7 ,78.2 ,51.9 ,113.6 ,158.8 ,489.1 ,573.4 ,589.9 ,483.9 
A;BG;MEUR_KP_PRE;OBJ09,0 ,0 ,0 ,0 ,0 ,0 ,0 ,0 ,0 ,0 ,4.6 ,5.2 ,6.2 ,6.5 ,6.1 ,8.1 ,8.3 ,7.2 
A;CY;MEUR_KP_PRE;OBJ09,22.7 ,31.3 ,35.1 ,37.3 ,40.7 ,41 ,35.8 ,34.3 ,46 ,39.8 ,59.1 ,56.6 ,41.6 ,34 ,32.7 ,32.2 ,34.9 ,35 
A;CZ;MEUR_KP_PRE;OBJ09,0.6 ,0 ,0 ,0 ,0 ,0 ,0 ,0.7 ,0 ,0 ,7.1 ,19.4 ,24.2 ,25.1 ,51 ,54.7 ,75.1 ,121.8 
A;DE;MEUR_KP_PRE;OBJ09,41 ,61.2 ,95.8 ,95.6 ,193.7 ,222.2 ,183.3 ,194.1 ,209.8 ,195.6 ,214.6 ,225.6 ,229.4 ,212.1 ,270.4 ,842.8 ,698.3 ,481 
A;DK;MEUR_KP_PRE;OBJ09,26.6 ,32.7 ,34.4 ,32.4 ,31.5 ,31.7 ,33.2 ,30.6 ,49.9 ,34.9 ,37.4 ,39.1 ,37.7 ,47.6 ,42 ,60.2 ,65.2 ,71 
A;EE;MEUR_KP_PRE;OBJ09,1.7 ,1.5 ,2.1 ,2.4 ,2.3 ,2.4 ,2.5 ,2.9 ,5.4 ,4.6 ,4.5 ,4.9 ,4.9 ,5.2 ,6.2 ,6.3 ,9.8 ,42.3 
A;EL;MEUR_KP_PRE;OBJ09,7.1 ,3.3 ,6.9 ,4.7 ,5.7 ,2.3 ,5.1 ,1.8 ,2.2 ,2.2 ,1.9 ,1.4 ,1.7 ,3.1 ,3.6 ,1.8 ,0.6 ,0.6 
A;ES;MEUR_KP_PRE;OBJ09,63.4 ,62.9 ,74.7 ,63.1 ,35.5 ,64.5 ,71.9 ,80.4 ,112.9 ,120.6 ,105.2 ,98.1 ,84.7 ,73.4 ,84.3 ,169 ,158.3 ,203.8 
A;EU28;MEUR_KP_PRE;OBJ09,630.7 ,643.9 ,731.3 ,736 ,846.1 ,1237.2 ,1145.1 ,1370.9 ,1484.8 ,1537 ,1859.2 ,1944.8 ,2375.3 ,2686.3 ,3553.4 ,4737.3 ,5478.6 ,5686.2 
A;FI;MEUR_KP_PRE;OBJ09,0 ,0 ,12.2 ,12.6 ,14.7 ,15.1 ,17.4 ,17.7 ,19.9 ,28.1 ,27.8 ,29.6 ,26.8 ,28.2 ,24.5 ,23.2 ,29.1 ,40 
A;FR;MEUR_KP_PRE;OBJ09,256.8 ,258.8 ,250.1 ,249.6 ,252 ,587.4 ,457.3 ,461.6 ,489.9 ,504.1 ,481.8 ,568.1 ,552.3 ,615.5 ,639.2 ,865.7 ,1134.1 ,1383.1 
A;HR;MEUR_KP_PRE;OBJ09,0 ,0 ,0 ,0 ,0 ,0 ,0 ,0 ,0 ,0 ,0 ,0 ,0 ,3.9 ,5.7 ,14.7 ,15.4 ,63.3 
A;HU;MEUR_KP_PRE;OBJ09,0 ,0.2 ,8.3 ,19 ,34 ,30.7 ,31.4 ,38.4 ,52.6 ,62.3 ,60 ,134.9 ,213 ,340.3 ,323.4 ,347.9 ,670.1 ,723.2 
A;IE;MEUR_KP_PRE;OBJ09,25 ,24.9 ,25.4 ,23 ,20.9 ,35.3 ,85.2 ,79.3 ,46.6 ,82.4 ,123.5 ,91.8 ,119.7 ,170.2 ,265.4 ,70.8 ,28.3 ,27 
A;IT;MEUR_KP_PRE;OBJ09,4.1 ,4.1 ,1.4 ,9.8 ,20 ,15 ,9.3 ,4.2 ,3.1 ,20 ,44.7 ,103.8 ,127 ,123.2 ,151 ,366.4 ,296.4 ,243.3 
A;LT;MEUR_KP_PRE;OBJ09,0 ,0 ,0 ,0 ,0 ,0 ,0 ,0 ,0 ,0 ,0 ,1.3 ,1.4 ,2.4 ,2.4 ,19.3 ,177.6 ,198 
A;LU;MEUR_KP_PRE;OBJ09,3.9 ,4.3 ,4.7 ,6 ,6.1 ,6.6 ,7.1 ,7.4 ,7.7 ,7.8 ,7.7 ,7.4 ,6.7 ,7.1 ,7.2 ,7.4 ,7.4 ,7.2 
A;LV;MEUR_KP_PRE;OBJ09,0 ,0 ,0 ,0 ,0 ,0 ,0 ,0 ,0.7 ,2.1 ,1 ,1.2 ,266.9 ,283.4 ,350.6 ,266.8 ,245.9 ,86.6 
A;MT;MEUR_KP_PRE;OBJ09,0 ,0 ,0 ,0 ,0 ,0 ,0 ,0.7 ,1.1 ,5.4 ,2 ,6.1 ,3.5 ,1 ,5 ,17.6 ,5.3 ,7.3 
A;NL;MEUR_KP_PRE;OBJ09,34.1 ,35.1 ,44.6 ,36.6 ,32.5 ,34.4 ,56.3 ,57.9 ,49.8 ,53.7 ,52.5 ,55.3 ,42.3 ,41.7 ,54.2 ,46.6 ,77.9 ,119.9 
A;PL;MEUR_KP_PRE;OBJ09,0 ,0 ,0 ,0 ,0 ,0 ,0 ,0 ,0 ,0 ,125.3 ,2.1 ,0 ,0 ,30.8 ,0.8 ,67.6 ,310.2 
A;PT;MEUR_KP_PRE;OBJ09,0.4 ,0.5 ,0.5 ,0.4 ,0.5 ,1.4 ,0.1 ,0.4 ,0.6 ,0.5 ,0.3 ,0.5 ,0.5 ,0.4 ,0.7 ,0.6 ,0.4 ,0.5 
A;RO;MEUR_KP_PRE;OBJ09,0 ,0 ,0 ,0 ,1.9 ,2.3 ,4.1 ,6.5 ,8.1 ,6.3 ,0.3 ,0.6 ,0.4 ,0.2 ,3 ,5.7 ,6.5 ,7 
A;SE;MEUR_KP_PRE;OBJ09,114 ,105.1 ,108.7 ,111.8 ,115.8 ,102.7 ,75.9 ,76.5 ,72.6 ,70.5 ,113.5 ,116.9 ,122.2 ,125 ,108.7 ,56.8 ,48.4 ,52.4 
A;SI;MEUR_KP_PRE;OBJ09,0 ,0 ,0.5 ,3 ,6.4 ,6.7 ,11.1 ,10.1 ,12.9 ,14.3 ,13.7 ,13.1 ,11 ,10.5 ,8.5 ,9.9 ,10.3 ,10.3 
A;SK;MEUR_KP_PRE;OBJ09,0.6 ,0 ,2 ,0 ,0.3 ,1.3 ,2.7 ,2.4 ,2.9 ,3.1 ,0 ,0.7 ,4 ,4.8 ,64.3 ,21.8 ,49.5 ,12.8 
A;UK;MEUR_KP_PRE;OBJ09,1.8 ,2.6 ,3.3 ,0 ,2.7 ,7.3 ,20.2 ,197.3 ,220.6 ,191.7 ,270.6 ,281.6 ,298.4 ,308.4 ,467 ,776.9 ,902.7 ,877.6 
A;AT;MEUR_KP_PRE;OBJ10,6.8 ,27.6 ,0.9 ,0.2 ,0.4 ,0.6 ,1 ,2.7 ,2.7 ,0.6 ,0 ,0 ,0 ,0 ,0 ,0 ,0 ,0 
A;BE;MEUR_KP_PRE;OBJ10,3.5 ,3.5 ,3.5 ,4.1 ,9.6 ,9.5 ,7.1 ,7.6 ,7 ,7.6 ,7.8 ,9.7 ,9.1 ,8.3 ,9.4 ,8.1 ,8.6 ,11.2 
A;BG;MEUR_KP_PRE;OBJ10,0 ,0 ,0 ,0 ,0 ,0 ,0 ,0 ,0 ,0 ,0 ,0 ,0 ,0 ,0 ,0 ,0 ,0 
A;CY;MEUR_KP_PRE;OBJ10,4.5 ,5.6 ,5.4 ,3.4 ,1.7 ,0.2 ,0.1 ,0 ,0 ,0 ,0 ,0 ,0 ,0 ,0 ,0 ,0 ,0 
A;CZ;MEUR_KP_PRE;OBJ10,0 ,0 ,0 ,0 ,0 ,0 ,0 ,0 ,0 ,0 ,0 ,0 ,0 ,0 ,0 ,0 ,0 ,0 
A;DE;MEUR_KP_PRE;OBJ10,16.7 ,15.9 ,6.9 ,7.8 ,2.9 ,2.3 ,2.8 ,0.9 ,1.6 ,1.4 ,1.2 ,1.8 ,0.8 ,0.5 ,0.6 ,1 ,0.9 ,0.2 
A;DK;MEUR_KP_PRE;OBJ10,12.6 ,3.6 ,0 ,0 ,0 ,0 ,0 ,0 ,0 ,0 ,0 ,0 ,0 ,0 ,0 ,0 ,0 ,0 
A;EE;MEUR_KP_PRE;OBJ10,0.4 ,0.3 ,0.2 ,0.7 ,1.8 ,1.5 ,0.9 ,0.4 ,0 ,0 ,0 ,0 ,0 ,0 ,0 ,0 ,0 ,0 
A;EL;MEUR_KP_PRE;OBJ10,0 ,0 ,0 ,0 ,0 ,0 ,0 ,0 ,0 ,0 ,0 ,0 ,0 ,0 ,0 ,0 ,0 ,0 
A;ES;MEUR_KP_PRE;OBJ10,182.6 ,250.4 ,522.7 ,568.7 ,173.2 ,262.2 ,327.4 ,97.4 ,94.4 ,59.5 ,16.3 ,0 ,0 ,0 ,0 ,0 ,0 ,743.4 
A;EU28;MEUR_KP_PRE;OBJ10,783.2 ,825.6 ,949.8 ,1085.5 ,471.1 ,610.9 ,662.4 ,398.3 ,336.8 ,286.4 ,277.6 ,314.7 ,284.2 ,251 ,172.7 ,78.1 ,54 ,788 
A;FI;MEUR_KP_PRE;OBJ10,30.1 ,19.8 ,17.8 ,17.2 ,18.2 ,16.7 ,24.4 ,17.7 ,44.5 ,34.6 ,41 ,37 ,34 ,27.3 ,31.9 ,19.7 ,10 ,10 
A;FR;MEUR_KP_PRE;OBJ10,141.8 ,141.8 ,142.2 ,142.2 ,73.1 ,63 ,62.5 ,0.5 ,0.5 ,0 ,0 ,0 ,0 ,0 ,0 ,0 ,0 ,0 
A;HR;MEUR_KP_PRE;OBJ10,0 ,0 ,0 ,0 ,0 ,0 ,0 ,0 ,0 ,0 ,0 ,0 ,0 ,0 ,0 ,0 ,0 ,0 
A;HU;MEUR_KP_PRE;OBJ10,0 ,0 ,0 ,0 ,0 ,0 ,0 ,1 ,5.9 ,1.2 ,0 ,0 ,0 ,0 ,0 ,0 ,0 ,0 
A;IE;MEUR_KP_PRE;OBJ10,4.9 ,1.2 ,0 ,0 ,0 ,0 ,0 ,0 ,0 ,0 ,0 ,0 ,0 ,0 ,0 ,0 ,0 ,0 
A;IT;MEUR_KP_PRE;OBJ10,327.5 ,320.7 ,173.4 ,290.9 ,151.8 ,252.4 ,234.4 ,268.5 ,178.6 ,179.1 ,208.5 ,263.7 ,237.6 ,211.1 ,128.6 ,47.3 ,32.6 ,21 
A;LT;MEUR_KP_PRE;OBJ10,1 ,0.8 ,0.5 ,0.3 ,0.1 ,0.1 ,0 ,0 ,0 ,0 ,0 ,0 ,0 ,0 ,0 ,0 ,0 ,0 
A;LU;MEUR_KP_PRE;OBJ10,4.3 ,4 ,4.5 ,8.1 ,6.9 ,0.4 ,0.9 ,1.2 ,1.2 ,1.6 ,1.8 ,1.8 ,1.8 ,1.9 ,2.3 ,1.9 ,2 ,2.2 
A;LV;MEUR_KP_PRE;OBJ10,0.5 ,0.4 ,1 ,0 ,0 ,0 ,0 ,0 ,0 ,0 ,0 ,0 ,0 ,0 ,0 ,0 ,0 ,0 
A;MT;MEUR_KP_PRE;OBJ10,8.7 ,5.5 ,4.6 ,4.5 ,4.4 ,0 ,0 ,0 ,0 ,0 ,0 ,0 ,0 ,0 ,0 ,0 ,0 ,0 
A;NL;MEUR_KP_PRE;OBJ10,32.7 ,23.2 ,43.9 ,18.4 ,3 ,1.3 ,0 ,0 ,0 ,0.2 ,0 ,0 ,0 ,0 ,0 ,0 ,0 ,0 
A;PL;MEUR_KP_PRE;OBJ10,0 ,0 ,0 ,0 ,7.4 ,0 ,0 ,0 ,0 ,0 ,0 ,0 ,0 ,0 ,0 ,0 ,0 ,0 
A;PT;MEUR_KP_PRE;OBJ10,2.8 ,0.5 ,0.5 ,0.4 ,0.4 ,0.4 ,0.4 ,0.3 ,0.5 ,0.6 ,0.8 ,0.8 ,0.9 ,1.8 ,0 ,0 ,0 ,0 
A;RO;MEUR_KP_PRE;OBJ10,0 ,0 ,19.8 ,12.6 ,12.2 ,0 ,0.3 ,0 ,0 ,0 ,0 ,0 ,0 ,0 ,0 ,0 ,0 ,0 
A;SE;MEUR_KP_PRE;OBJ10,0 ,0 ,0 ,0 ,0 ,0 ,0 ,0 ,0 ,0 ,0 ,0 ,0 ,0 ,0 ,0 ,0 ,0 
A;SI;MEUR_KP_PRE;OBJ10,0 ,0 ,0 ,0 ,0 ,0 ,0 ,0 ,0 ,0 ,0 ,0 ,0 ,0 ,0 ,0 ,0 ,0 
A;SK;MEUR_KP_PRE;OBJ10,0 ,0 ,0.3 ,3.4 ,1.1 ,0.2 ,0.2 ,0.1 ,0.1 ,0 ,0.1 ,0 ,0 ,0 ,0 ,0 ,0 ,0 
A;UK;MEUR_KP_PRE;OBJ10,1.8 ,0.8 ,1.6 ,2.6 ,2.9 ,0 ,0 ,0 ,0 ,0 ,0 ,0 ,0 ,0 ,0 ,0 ,0 ,0 
A;AT;MEUR_KP_PRE;OBJ11,0 ,0 ,0.1 ,16.6 ,19.4 ,8 ,0.2 ,0.8 ,0.4 ,0.5 ,0 ,0 ,0 ,0 ,0 ,0 ,0.1 ,2.3 
A;BE;MEUR_KP_PRE;OBJ11,0 ,0 ,0 ,0 ,0 ,0 ,0 ,0 ,0 ,0 ,0 ,0 ,0 ,0 ,0 ,0 ,0 ,0 
A;BG;MEUR_KP_PRE;OBJ11,0 ,0 ,0 ,0 ,0 ,0 ,0 ,0 ,0 ,0 ,0 ,0 ,0 ,0 ,0 ,0.5 ,0.5 ,0.1 
A;CY;MEUR_KP_PRE;OBJ11,0 ,0 ,0 ,0.7 ,0.1 ,0 ,0 ,0 ,0 ,0 ,0 ,20 ,11.1 ,5.6 ,5 ,0 ,0 ,0 
A;CZ;MEUR_KP_PRE;OBJ11,0 ,0 ,0 ,0 ,0 ,0 ,0 ,0.1 ,1.6 ,0 ,0 ,0 ,0 ,0 ,0 ,0 ,0 ,0 
A;DE;MEUR_KP_PRE;OBJ11,0 ,0 ,27.6 ,0.1 ,0 ,2.5 ,3.6 ,0.4 ,0 ,0 ,0.9 ,4.1 ,0 ,110.5 ,237.8 ,136.9 ,160.6 ,89.9 
A;DK;MEUR_KP_PRE;OBJ11,0 ,0 ,0 ,0 ,0 ,0 ,0 ,0 ,0 ,0 ,0 ,0 ,0 ,0 ,0 ,0 ,0 ,0 
A;EE;MEUR_KP_PRE;OBJ11,0 ,0 ,0 ,0 ,0 ,0 ,0 ,0 ,0 ,0 ,0 ,0 ,0 ,0 ,0 ,0 ,0 ,0 
A;EL;MEUR_KP_PRE;OBJ11,0 ,0 ,0 ,0 ,0 ,0 ,0 ,0 ,0 ,0 ,0 ,0 ,0 ,0 ,0 ,0 ,0 ,0 
A;ES;MEUR_KP_PRE;OBJ11,0 ,2.6 ,0 ,0.7 ,0 ,0 ,0 ,0 ,0 ,0 ,1 ,0 ,0 ,0 ,0 ,0 ,0 ,3 
A;EU28;MEUR_KP_PRE;OBJ11,117.8 ,144.5 ,216.8 ,176.5 ,43 ,11.5 ,5.7 ,2.7 ,13.6 ,3.6 ,41.3 ,78.4 ,34.5 ,236.1 ,433.9 ,389.7 ,601.1 ,589.6 
A;FI;MEUR_KP_PRE;OBJ11,0 ,0 ,0 ,0 ,0 ,0 ,0 ,0 ,0 ,0 ,0 ,0 ,0 ,0 ,0 ,0 ,0 ,0 
A;FR;MEUR_KP_PRE;OBJ11,60 ,60 ,0 ,0 ,0 ,0 ,0.2 ,0 ,3 ,0 ,2.2 ,1.1 ,1.8 ,0.1 ,0.5 ,1.7 ,0.6 ,2.5 
A;HR;MEUR_KP_PRE;OBJ11,0 ,0 ,0 ,0 ,0 ,0 ,0 ,0 ,0 ,0 ,0 ,0 ,0 ,0 ,0 ,0 ,0 ,0 
A;HU;MEUR_KP_PRE;OBJ11,0 ,0 ,0 ,0 ,0 ,0 ,0 ,0 ,0.1 ,0 ,0 ,2.3 ,0 ,0 ,0 ,0 ,0 ,0 
A;IE;MEUR_KP_PRE;OBJ11,0 ,0 ,0 ,0 ,0 ,0 ,0 ,0 ,0 ,0 ,0 ,0 ,0 ,0 ,0 ,0 ,0 ,0 
A;IT;MEUR_KP_PRE;OBJ11,29.9 ,38 ,162.6 ,136.9 ,20 ,0 ,0 ,0.5 ,0.4 ,3.1 ,26.3 ,36.1 ,20.7 ,108.9 ,187.8 ,247.9 ,216.7 ,285.9 
A;LT;MEUR_KP_PRE;OBJ11,0 ,0 ,0 ,0 ,0 ,0 ,0 ,0 ,0 ,0 ,0 ,0 ,0 ,0 ,0 ,0 ,0 ,0 
A;LU;MEUR_KP_PRE;OBJ11,0 ,0 ,0 ,0 ,0 ,0 ,0 ,0 ,0 ,0 ,0 ,0 ,0 ,0 ,0 ,0 ,0 ,0 
A;LV;MEUR_KP_PRE;OBJ11,0 ,0 ,0 ,0 ,0 ,0 ,0 ,0 ,0 ,0 ,0 ,0 ,0 ,0 ,0 ,0 ,0 ,0 
A;MT;MEUR_KP_PRE;OBJ11,0 ,0 ,0 ,0 ,0 ,0 ,0 ,0 ,0 ,0 ,0 ,0 ,0 ,0 ,0 ,0 ,0 ,0 
A;NL;MEUR_KP_PRE;OBJ11,8.3 ,1.5 ,5.2 ,4 ,3.4 ,1 ,1.6 ,0.9 ,0 ,0 ,0 ,0 ,0.5 ,0 ,0 ,0 ,0 ,0 
A;PL;MEUR_KP_PRE;OBJ11,0 ,0 ,0 ,0 ,0 ,0 ,0 ,0 ,0 ,0 ,9.9 ,7.2 ,0.2 ,0.5 ,0.6 ,1.2 ,0 ,0 
A;PT;MEUR_KP_PRE;OBJ11,0 ,0 ,0 ,0 ,0 ,0 ,0 ,0 ,0 ,0 ,0 ,0 ,0 ,0 ,0 ,0 ,0 ,0.4 
A;RO;MEUR_KP_PRE;OBJ11,0 ,0 ,0 ,0 ,0 ,0 ,0 ,0 ,0 ,0 ,0 ,0 ,0 ,0 ,0 ,0 ,0 ,0 
A;SE;MEUR_KP_PRE;OBJ11,0 ,0 ,0 ,0 ,0 ,0 ,0 ,0 ,0 ,0 ,0 ,0 ,0 ,0 ,0 ,0 ,0 ,0 
A;SI;MEUR_KP_PRE;OBJ11,19.6 ,42.4 ,21.3 ,17.6 ,0 ,0 ,0 ,0 ,8.1 ,0 ,1 ,7.5 ,0.2 ,10.5 ,0 ,1.6 ,0 ,0 
A;SK;MEUR_KP_PRE;OBJ11,0 ,0 ,0 ,0 ,0 ,0 ,0 ,0 ,0 ,0 ,0 ,0 ,0 ,0 ,0 ,0 ,0 ,0 
A;UK;MEUR_KP_PRE;OBJ11,0 ,0 ,0 ,0 ,0 ,0 ,0 ,0 ,0 ,0 ,0 ,0 ,0 ,0 ,2.2 ,0 ,222.6 ,205.3 
A;AT;MEUR_KP_PRE;OBJ12,0 ,0 ,0 ,0 ,0 ,0 ,0 ,0 ,0 ,0.7 ,0.6 ,0.9 ,0.2 ,0.5 ,0.9 ,0.9 ,0 ,0 
A;BE;MEUR_KP_PRE;OBJ12,0 ,0 ,0 ,0 ,0 ,0 ,0 ,0 ,0 ,0 ,0 ,0 ,0 ,0 ,0 ,0 ,0 ,0 
A;BG;MEUR_KP_PRE;OBJ12,0 ,0 ,0 ,0 ,0 ,0 ,0 ,0 ,0 ,0 ,0 ,0 ,0 ,0 ,0 ,0 ,0 ,0 
A;CY;MEUR_KP_PRE;OBJ12,0 ,0 ,0 ,0 ,0 ,0 ,0 ,1 ,1 ,1.3 ,1.1 ,1.2 ,1 ,0.8 ,0.6 ,0.7 ,0.7 ,0.6 
A;CZ;MEUR_KP_PRE;OBJ12,0 ,0 ,0 ,0 ,0 ,0 ,0 ,0 ,0 ,0 ,0 ,0 ,0 ,0 ,15.3 ,0.9 ,8.4 ,0 
A;DE;MEUR_KP_PRE;OBJ12,0 ,0 ,0 ,0 ,0 ,0 ,0 ,0 ,0 ,0 ,0 ,0 ,0 ,0 ,0 ,0 ,0 ,0 
A;DK;MEUR_KP_PRE;OBJ12,0 ,0 ,0 ,0 ,0 ,5.2 ,0 ,0 ,0 ,0 ,0 ,0 ,0 ,0 ,0 ,0 ,0 ,0 
A;EE;MEUR_KP_PRE;OBJ12,0 ,0 ,0 ,0 ,0 ,0 ,0 ,0 ,0 ,0 ,0 ,0 ,0 ,0 ,0 ,0 ,0 ,0 
A;EL;MEUR_KP_PRE;OBJ12,0 ,0 ,0 ,0 ,0 ,0 ,0 ,0 ,0 ,0 ,0 ,0 ,0 ,0 ,0 ,0 ,0 ,0 
A;ES;MEUR_KP_PRE;OBJ12,0 ,0 ,0 ,0 ,0 ,0 ,0 ,0 ,0 ,0 ,0 ,0 ,0 ,0 ,0 ,0 ,0 ,0 
A;EU28;MEUR_KP_PRE;OBJ12,1.8 ,0.9 ,1.9 ,6 ,58.7 ,77.4 ,64.4 ,61.9 ,22.8 ,40.1 ,318.3 ,404.8 ,578.8 ,575.2 ,532.3 ,572.5 ,28.4 ,24 
A;FI;MEUR_KP_PRE;OBJ12,0 ,0 ,0 ,0 ,0 ,0 ,0 ,0 ,0 ,0 ,0 ,0 ,0 ,0 ,0 ,0 ,0 ,0 
A;FR;MEUR_KP_PRE;OBJ12,0.3 ,0.3 ,1.6 ,4.7 ,1.1 ,0.9 ,1.2 ,0 ,0 ,0 ,0 ,0 ,0 ,0 ,0 ,0 ,0 ,0 
A;HR;MEUR_KP_PRE;OBJ12,0 ,0 ,0 ,0 ,0 ,0 ,0 ,0 ,0 ,0 ,0 ,0 ,0 ,0 ,0 ,0 ,0 ,0 
A;HU;MEUR_KP_PRE;OBJ12,0 ,0 ,0 ,0.5 ,35 ,45.4 ,19.7 ,10.1 ,1.5 ,0 ,0.7 ,0 ,0 ,0.1 ,1.4 ,0 ,0 ,0 
A;IE;MEUR_KP_PRE;OBJ12,0 ,0 ,0 ,0 ,0 ,0 ,0 ,0 ,0 ,0 ,0 ,0 ,0 ,0 ,0 ,0 ,0 ,0 
A;IT;MEUR_KP_PRE;OBJ12,0 ,0 ,0 ,0 ,0 ,0 ,0 ,0 ,0 ,0 ,0 ,0 ,0 ,0 ,0 ,0 ,0 ,0 
A;LT;MEUR_KP_PRE;OBJ12,0 ,0 ,0 ,0 ,0 ,0 ,0 ,0 ,0 ,0 ,0 ,0 ,0 ,0 ,0 ,0 ,0 ,0 
A;LU;MEUR_KP_PRE;OBJ12,0 ,0 ,0 ,0 ,0 ,0 ,0 ,0 ,0 ,0 ,0 ,0 ,0 ,0 ,0 ,0 ,0 ,0 
A;LV;MEUR_KP_PRE;OBJ12,0 ,0 ,0 ,0 ,0 ,0 ,0 ,0 ,0 ,0 ,0 ,0 ,0 ,0 ,0 ,0 ,0 ,0 
A;MT;MEUR_KP_PRE;OBJ12,0 ,0 ,0 ,0 ,0 ,0 ,0 ,0 ,0 ,0 ,0 ,0 ,0 ,0 ,0 ,0 ,0 ,0 
A;NL;MEUR_KP_PRE;OBJ12,0 ,0 ,0 ,0 ,0 ,0 ,2 ,2 ,0.6 ,2.5 ,23.1 ,32.9 ,10.8 ,49.6 ,53.3 ,0 ,0 ,0 
A;PL;MEUR_KP_PRE;OBJ12,0 ,0 ,0 ,0 ,13.7 ,21.5 ,16.1 ,22 ,18.7 ,13.1 ,23.6 ,22.6 ,29.8 ,32.1 ,22.2 ,42 ,19.3 ,23.4 
A;PT;MEUR_KP_PRE;OBJ12,1.3 ,0.3 ,0 ,0 ,0 ,0 ,0 ,0 ,0 ,0 ,0 ,0 ,0 ,0 ,0 ,0 ,0 ,0 
A;RO;MEUR_KP_PRE;OBJ12,0 ,0 ,0 ,0 ,0 ,0 ,0 ,0 ,0 ,0 ,0 ,0 ,0 ,0 ,0 ,0 ,0 ,0 
A;SE;MEUR_KP_PRE;OBJ12,0 ,0 ,0 ,0 ,0 ,0 ,0 ,0 ,0 ,0 ,0 ,0 ,0 ,0 ,0 ,0 ,0 ,0 
A;SI;MEUR_KP_PRE;OBJ12,0 ,0 ,0 ,0 ,0 ,0 ,0 ,0 ,0 ,0 ,0 ,0 ,0 ,0 ,0 ,0 ,0 ,0 
A;SK;MEUR_KP_PRE;OBJ12,0.2 ,0 ,0 ,0 ,0 ,0 ,0 ,0 ,0 ,0 ,0 ,0 ,0 ,0 ,0 ,0 ,0 ,0 
A;UK;MEUR_KP_PRE;OBJ12,0.1 ,0.3 ,0.3 ,0.9 ,8.9 ,4.5 ,25.4 ,26.9 ,1.1 ,22.5 ,269.1 ,347.1 ,537 ,492 ,438.7 ,527.9 ,0 ,0 
A;AT;MEUR_KP_PRE;OBJ13,0 ,0 ,0 ,0 ,0 ,0 ,0 ,0 ,0 ,0 ,0 ,0 ,0 ,0 ,0 ,0 ,0 ,0 
A;BE;MEUR_KP_PRE;OBJ13,0 ,0 ,0 ,0 ,0 ,0 ,0 ,0 ,0 ,0 ,0 ,0 ,0 ,0 ,0 ,0 ,0 ,0 
A;BG;MEUR_KP_PRE;OBJ13,0 ,0 ,0 ,0 ,0 ,0 ,0 ,0 ,0 ,0 ,0 ,0 ,0 ,3.9 ,0 ,0 ,0 ,0 
A;CY;MEUR_KP_PRE;OBJ13,0 ,0 ,0 ,0 ,0 ,0 ,0 ,0 ,0 ,0 ,0 ,0 ,0 ,0 ,0 ,0 ,0 ,0 
A;CZ;MEUR_KP_PRE;OBJ13,0 ,0 ,0 ,0 ,0 ,0 ,0 ,0 ,0 ,0 ,0 ,0 ,0 ,0 ,0 ,0 ,0 ,0 
A;DE;MEUR_KP_PRE;OBJ13,0 ,0 ,0 ,0 ,0 ,0 ,0 ,0 ,0 ,0 ,0 ,0.2 ,0.2 ,0.1 ,0.1 ,0.1 ,0.1 ,0.1 
A;DK;MEUR_KP_PRE;OBJ13,0 ,0 ,0 ,0 ,0 ,0 ,0 ,0 ,0 ,0.3 ,1.6 ,2 ,2.6 ,2.2 ,0 ,0 ,0 ,0 
A;EE;MEUR_KP_PRE;OBJ13,0 ,0 ,0 ,0 ,0 ,0 ,0 ,0 ,0 ,0 ,0 ,0 ,0 ,0 ,0 ,0 ,0 ,0 
A;EL;MEUR_KP_PRE;OBJ13,0 ,0 ,0 ,0 ,0 ,0 ,0 ,0 ,0 ,0 ,0 ,0 ,0 ,0 ,0 ,0 ,0 ,0 
A;ES;MEUR_KP_PRE;OBJ13,0 ,0 ,0 ,0 ,0 ,0 ,0 ,0 ,0 ,0 ,0 ,0.5 ,0 ,0 ,437.7 ,423.9 ,451.8 ,695.3 
A;EU28;MEUR_KP_PRE;OBJ13,0 ,0 ,0 ,0 ,1.9 ,12.9 ,8.8 ,811.2 ,839.3 ,1110.8 ,2130.6 ,3411.1 ,3231.8 ,3335.8 ,5348.1 ,5682.4 ,4033.3 ,3944.1 
A;FI;MEUR_KP_PRE;OBJ13,0 ,0 ,0 ,0 ,0 ,0 ,0 ,0 ,0 ,0 ,0 ,0 ,0 ,0 ,0 ,0 ,0 ,0 
A;FR;MEUR_KP_PRE;OBJ13,0 ,0 ,0 ,0 ,0 ,10.6 ,6.5 ,811.2 ,839.3 ,1102.9 ,2121.4 ,3395.4 ,3221.9 ,3314.6 ,4902.7 ,5244.4 ,3555.6 ,3206.8 
A;HR;MEUR_KP_PRE;OBJ13,0 ,0 ,0 ,0 ,0 ,0 ,0 ,0 ,0 ,0 ,0 ,0 ,0 ,0 ,0 ,0 ,0 ,0 
A;HU;MEUR_KP_PRE;OBJ13,0 ,0 ,0 ,0 ,0 ,0 ,0 ,0 ,0 ,0 ,0 ,0 ,0 ,9 ,1.2 ,0 ,0 ,0 
A;IE;MEUR_KP_PRE;OBJ13,0 ,0 ,0 ,0 ,0 ,0 ,0 ,0 ,0 ,0 ,0 ,0 ,0 ,0 ,0 ,0 ,0 ,0 
A;IT;MEUR_KP_PRE;OBJ13,0 ,0 ,0 ,0 ,0 ,0 ,0 ,0 ,0 ,0 ,0 ,0 ,0 ,0 ,0 ,0 ,0 ,0 
A;LT;MEUR_KP_PRE;OBJ13,0 ,0 ,0 ,0 ,0 ,0 ,0 ,0 ,0 ,0 ,0 ,0 ,1 ,0 ,0 ,0 ,0 ,0 
A;LU;MEUR_KP_PRE;OBJ13,0 ,0 ,0 ,0 ,0 ,0 ,0 ,0 ,0 ,0 ,0 ,0 ,0 ,0 ,0 ,0 ,0 ,0 
A;LV;MEUR_KP_PRE;OBJ13,0 ,0 ,0 ,0 ,0 ,0 ,0 ,0 ,0 ,0 ,0 ,0 ,0 ,0 ,0 ,0 ,0 ,0 
A;MT;MEUR_KP_PRE;OBJ13,0 ,0 ,0 ,0 ,0 ,0 ,0 ,0 ,0 ,0 ,0 ,0 ,0 ,0 ,0 ,0 ,0 ,0 
A;NL;MEUR_KP_PRE;OBJ13,0 ,0 ,0 ,0 ,0 ,0 ,0 ,0 ,0 ,0 ,0 ,5.8 ,0 ,0 ,0 ,0 ,0 ,0 
A;PL;MEUR_KP_PRE;OBJ13,0 ,0 ,0 ,0 ,1.9 ,2.3 ,2.3 ,0 ,0 ,0 ,0 ,0.1 ,0.4 ,0.4 ,0.4 ,0.5 ,0.5 ,0.5 
A;PT;MEUR_KP_PRE;OBJ13,0 ,0 ,0 ,0 ,0 ,0 ,0 ,0 ,0 ,7.5 ,7.6 ,7 ,5.8 ,5.5 ,6 ,7.4 ,25.4 ,32.5 
A;RO;MEUR_KP_PRE;OBJ13,0 ,0 ,0 ,0 ,0 ,0 ,0 ,0 ,0 ,0 ,0 ,0 ,0 ,0 ,0 ,0 ,0 ,0 
A;SE;MEUR_KP_PRE;OBJ13,0 ,0 ,0 ,0 ,0 ,0 ,0 ,0 ,0 ,0 ,0 ,0 ,0 ,0 ,0 ,0 ,0 ,0 
A;SI;MEUR_KP_PRE;OBJ13,0 ,0 ,0 ,0 ,0 ,0 ,0 ,0 ,0 ,0 ,0 ,0 ,0 ,0 ,0 ,0 ,0 ,0 
A;SK;MEUR_KP_PRE;OBJ13,0 ,0 ,0 ,0 ,0 ,0 ,0 ,0 ,0 ,0 ,0 ,0.2 ,0 ,0 ,0 ,0 ,0 ,0 
A;UK;MEUR_KP_PRE;OBJ13,0 ,0 ,0 ,0 ,0 ,0 ,0 ,0 ,0 ,0 ,0 ,0 ,0 ,0 ,0 ,6.1 ,0 ,8.8 
A;AT;MEUR_KP_PRE;OBJ15,131.7 ,260.8 ,249 ,308 ,177.3 ,137.6 ,199.1 ,237.4 ,275.4 ,328.6 ,509 ,263 ,227.8 ,249.8 ,280.4 ,228 ,256.3 ,194.7 
A;BE;MEUR_KP_PRE;OBJ15,136 ,153.8 ,150.8 ,200.8 ,175.4 ,150.3 ,192.2 ,426.3 ,539.5 ,865.1 ,882.9 ,370.2 ,421.7 ,364.3 ,428.5 ,905.6 ,759.8 ,813.7 
A;BG;MEUR_KP_PRE;OBJ15,0 ,0 ,0 ,0 ,0 ,0 ,1.7 ,8 ,5.7 ,11.8 ,2.2 ,1.5 ,1.9 ,0.6 ,4.7 ,5.7 ,2.7 ,1.7 
A;CY;MEUR_KP_PRE;OBJ15,0.9 ,1.2 ,1.6 ,0.5 ,3 ,3.8 ,3.5 ,2.3 ,1 ,0.3 ,1.8 ,0.6 ,1.4 ,1.4 ,1.8 ,1.1 ,0.5 ,0.5 
A;CZ;MEUR_KP_PRE;OBJ15,24 ,27.9 ,44.8 ,39.5 ,55.1 ,102.5 ,155.6 ,182.3 ,210.2 ,226.7 ,258.2 ,288.2 ,270.9 ,260.9 ,241.5 ,263 ,241.3 ,323.2 
A;DE;MEUR_KP_PRE;OBJ15,1564.1 ,1895.3 ,1971.8 ,1610.5 ,1758.2 ,1716.3 ,2085.6 ,2156.1 ,2309.8 ,2377.1 ,2471.7 ,2883.8 ,2201.6 ,2448.1 ,1682 ,1605.5 ,1680.3 ,1315.2 
A;DK;MEUR_KP_PRE;OBJ15,97.8 ,74.5 ,43.5 ,30.4 ,23.1 ,29.3 ,59.9 ,67.7 ,137.5 ,144.2 ,199 ,231.5 ,207.3 ,230.1 ,204.3 ,225 ,279.9 ,142.3 
A;EE;MEUR_KP_PRE;OBJ15,0.3 ,0.6 ,1.4 ,1.9 ,1.8 ,3.2 ,3 ,2.6 ,3.3 ,1.1 ,0.6 ,0.7 ,0.1 ,0.9 ,16 ,12.3 ,7.9 ,8.1 
A;EL;MEUR_KP_PRE;OBJ15,0 ,0.5 ,1.1 ,4.3 ,6.8 ,8.7 ,5.5 ,8.4 ,15.6 ,9.2 ,1.5 ,2 ,4.1 ,6.9 ,54.8 ,38.6 ,80.5 ,3.7 
A;ES;MEUR_KP_PRE;OBJ15,295.6 ,315.8 ,358.6 ,367.3 ,414.2 ,319.7 ,424.7 ,707.1 ,937.5 ,1465.4 ,1148.8 ,953.7 ,762.2 ,630.4 ,456.6 ,331.3 ,288 ,326.5 
A;EU28;MEUR_KP_PRE;OBJ15,4444.4 ,5020 ,5374.7 ,5600.3 ,5240.3 ,5623.8 ,6604.6 ,7933.3 ,9054.9 ,10794 ,10803.2 ,10030.1 ,9457.8 ,9189.5 ,9235.7 ,8793.9 ,9453.8 ,8814.9 
A;FI;MEUR_KP_PRE;OBJ15,128.5 ,142.9 ,149 ,141.9 ,144.7 ,150.8 ,160.7 ,165 ,254 ,241.7 ,239.7 ,276.4 ,230.5 ,258.3 ,237.8 ,198.2 ,138.9 ,138 
A;FR;MEUR_KP_PRE;OBJ15,683.7 ,697.5 ,727.9 ,921.5 ,846.6 ,1163.8 ,1517.3 ,1762.4 ,1776.8 ,2125 ,1888.3 ,2129.9 ,2106.9 ,1591.1 ,1853.4 ,918.3 ,783.8 ,806.1 
A;HR;MEUR_KP_PRE;OBJ15,0 ,0 ,0 ,0 ,0 ,0 ,0 ,0 ,0 ,0 ,0 ,0 ,0 ,15.6 ,17.7 ,0 ,0.4 ,0.8 
A;HU;MEUR_KP_PRE;OBJ15,7.2 ,30.4 ,23.6 ,4.9 ,13.1 ,44 ,61.3 ,7.2 ,74.6 ,94.6 ,30.1 ,53.5 ,162 ,300.5 ,7 ,10.6 ,256.9 ,438.3 
A;IE;MEUR_KP_PRE;OBJ15,4.6 ,22.9 ,36.2 ,48.4 ,37.4 ,42.4 ,68.6 ,125.5 ,103.2 ,147.4 ,237.6 ,126.9 ,94.6 ,105.1 ,91.7 ,46.8 ,72.2 ,82.3 
A;IT;MEUR_KP_PRE;OBJ15,796.4 ,722.7 ,555.1 ,875 ,656.9 ,878.7 ,748.9 ,565.2 ,908.9 ,887.6 ,547.9 ,490.8 ,754.8 ,661.4 ,738.8 ,856.7 ,1024.8 ,549.9 
A;LT;MEUR_KP_PRE;OBJ15,0.2 ,0.6 ,0.4 ,0.3 ,0.5 ,2.2 ,5.8 ,0 ,0.1 ,4.4 ,11.5 ,8 ,10.4 ,8.6 ,5.1 ,12.9 ,3.6 ,11.3 
A;LU;MEUR_KP_PRE;OBJ15,8 ,7.5 ,5.1 ,7.5 ,8.1 ,11.5 ,13 ,17.4 ,19.3 ,59.1 ,42.6 ,26.9 ,41.7 ,77.9 ,42.9 ,28.8 ,31.4 ,34.4 
A;LV;MEUR_KP_PRE;OBJ15,2.3 ,2.9 ,2.9 ,6.6 ,0 ,0 ,0.1 ,0.4 ,0.7 ,0.1 ,0.3 ,0.9 ,0.9 ,1.7 ,30.8 ,6.7 ,10.2 ,12.5 
A;MT;MEUR_KP_PRE;OBJ15,0 ,0 ,0 ,0 ,0 ,0 ,0.1 ,0 ,0 ,1.9 ,0.2 ,2.1 ,0.8 ,1.9 ,0.8 ,0.2 ,1.2 ,0.2 
A;NL;MEUR_KP_PRE;OBJ15,151.4 ,177.5 ,261.7 ,234.3 ,223.7 ,261.9 ,257.3 ,269 ,282.8 ,479.4 ,657.5 ,691.6 ,532 ,383.4 ,429.7 ,360.2 ,298.5 ,285.7 
A;PL;MEUR_KP_PRE;OBJ15,23.5 ,23.5 ,32.5 ,22.8 ,25.2 ,38.1 ,32.8 ,42.9 ,40.4 ,33 ,69.1 ,25 ,92.3 ,63.8 ,242.9 ,187.6 ,410.1 ,1178.4 
A;PT;MEUR_KP_PRE;OBJ15,12.4 ,0 ,0 ,27.4 ,30.4 ,9.4 ,10.6 ,18.3 ,18.2 ,48.8 ,128.8 ,71.3 ,116.6 ,87.5 ,100.9 ,14.3 ,69.6 ,75.3 
A;RO;MEUR_KP_PRE;OBJ15,0 ,0 ,0 ,0 ,22.2 ,16.2 ,21.3 ,44.6 ,64.7 ,26.5 ,31.9 ,4.1 ,8.4 ,11.3 ,29.2 ,26.3 ,22.2 ,48.3 
A;SE;MEUR_KP_PRE;OBJ15,116.4 ,77.3 ,73.8 ,70.7 ,79.4 ,74 ,82.6 ,90.3 ,100.7 ,111.2 ,107.8 ,106.2 ,119.8 ,141.7 ,270.6 ,138.2 ,168.1 ,172.6 
A;SI;MEUR_KP_PRE;OBJ15,19.8 ,22.9 ,26.1 ,31.9 ,24.3 ,23.5 ,19.6 ,21.3 ,21.2 ,67 ,97.3 ,73.5 ,82.4 ,70.9 ,47.1 ,20.6 ,10.6 ,34.4 
A;SK;MEUR_KP_PRE;OBJ15,8.6 ,5.1 ,4.4 ,2 ,0.8 ,2.6 ,4.7 ,4.5 ,3.8 ,9 ,18.2 ,14.4 ,11.8 ,10.3 ,29.5 ,52.7 ,33.3 ,7 
A;UK;MEUR_KP_PRE;OBJ15,231.2 ,355.7 ,653.3 ,642.1 ,512.2 ,433.6 ,469.3 ,1001 ,950.1 ,1027.8 ,1218.8 ,933.6 ,993 ,1205.3 ,1689.2 ,2298.8 ,2520.8 ,1809.8 
A;AT;MEUR_KP_PRE;OBJ16,104.1 ,92.9 ,77.2 ,121 ,155.7 ,213 ,209.6 ,205.2 ,261.5 ,163 ,73 ,120.2 ,105.6 ,78.3 ,71.1 ,61.9 ,65.6 ,72.6 
A;BE;MEUR_KP_PRE;OBJ16,191.5 ,160.3 ,178.2 ,205.8 ,234.4 ,275 ,290.8 ,246.7 ,242.7 ,234.1 ,230 ,189 ,199.1 ,145.6 ,151.1 ,105.2 ,149.4 ,127.8 
A;BG;MEUR_KP_PRE;OBJ16,0 ,0 ,0.2 ,0.3 ,0.5 ,0.2 ,0 ,0 ,1 ,0.1 ,0.6 ,0.1 ,0.1 ,0.1 ,1.2 ,5.7 ,7.4 ,0 
A;CY;MEUR_KP_PRE;OBJ16,13.9 ,13.4 ,18.9 ,2.4 ,1.6 ,1.6 ,13 ,8.8 ,11.8 ,6.5 ,4.8 ,3.6 ,2.5 ,2.7 ,2.7 ,2.7 ,3 ,0.1 
A;CZ;MEUR_KP_PRE;OBJ16,110.5 ,117.3 ,185.1 ,58.1 ,55 ,87.4 ,106.3 ,152.7 ,70 ,21.5 ,24.3 ,8.8 ,12 ,15.2 ,10.4 ,10.3 ,0.7 ,4.7 
A;DE;MEUR_KP_PRE;OBJ16,1221.3 ,787.1 ,715.3 ,569.7 ,588.4 ,706.4 ,538.8 ,736.2 ,1371.1 ,1521.1 ,955.5 ,828.8 ,828.8 ,733.6 ,620.4 ,676.3 ,581.8 ,1065.6 
A;DK;MEUR_KP_PRE;OBJ16,9.3 ,5.9 ,6.3 ,2.4 ,0.6 ,1.8 ,1.6 ,7.5 ,4.8 ,6.1 ,0.7 ,3.2 ,1.6 ,4.9 ,33 ,38 ,34.4 ,29.2 
A;EE;MEUR_KP_PRE;OBJ16,0 ,0.7 ,1.5 ,1 ,0.2 ,3.3 ,0.8 ,0.8 ,1.9 ,3.4 ,1.8 ,1.5 ,0.6 ,0.2 ,0.1 ,0 ,0 ,0.2 
A;EL;MEUR_KP_PRE;OBJ16,4.9 ,8.3 ,4 ,10.5 ,21.5 ,54.3 ,89.8 ,93.2 ,182.3 ,122.3 ,157.9 ,27.7 ,19.2 ,7 ,26 ,42 ,39.3 ,0.8 
A;ES;MEUR_KP_PRE;OBJ16,425.2 ,302.7 ,317.8 ,294.9 ,339.9 ,311.7 ,361.4 ,167.2 ,182.8 ,190.9 ,126.1 ,73.3 ,65.8 ,63.4 ,53.6 ,36.9 ,44.5 ,63.1 
A;EU28;MEUR_KP_PRE;OBJ16,5477.8 ,5946.3 ,6007.2 ,5317.2 ,5770.4 ,5829.9 ,5772.1 ,5720.4 ,6272.7 ,5723.5 ,4585.3 ,4003.1 ,4100.1 ,3572.4 ,3795 ,4631.8 ,4492.7 ,5782.3 
A;FI;MEUR_KP_PRE;OBJ16,67.7 ,44 ,48.8 ,35.9 ,41.8 ,40.5 ,38.2 ,41.8 ,58.9 ,68.8 ,46.4 ,52.7 ,39.3 ,48.6 ,28.7 ,52.6 ,57.3 ,51.2 
A;FR;MEUR_KP_PRE;OBJ16,1281.2 ,1325.8 ,1803.6 ,1752.2 ,1843.6 ,1850.3 ,1558.6 ,899.1 ,1716.1 ,1618.1 ,1557.9 ,1406.1 ,1182.8 ,1106.5 ,916 ,1382.6 ,1235.8 ,1090.5 
A;HR;MEUR_KP_PRE;OBJ16,0 ,0 ,0 ,0 ,0 ,0 ,0 ,0 ,0 ,0 ,0 ,0 ,0 ,6.2 ,0 ,3.8 ,49.1 ,103.2 
A;HU;MEUR_KP_PRE;OBJ16,16.5 ,44.9 ,87.1 ,39.9 ,44.6 ,48.2 ,37.4 ,32.8 ,57.7 ,29.2 ,13.8 ,16 ,6.7 ,10.5 ,139.6 ,120.6 ,29.7 ,45.4 
A;IE;MEUR_KP_PRE;OBJ16,1.9 ,11.4 ,11.1 ,14.5 ,51.9 ,81.8 ,125.4 ,128.9 ,196.6 ,62.9 ,55.2 ,42.6 ,24.9 ,31.4 ,39.9 ,41.2 ,33 ,9.6 
A;IT;MEUR_KP_PRE;OBJ16,1446.9 ,2458.6 ,1886.9 ,1470.9 ,1589.9 ,1336 ,1250.6 ,1483.1 ,1101.4 ,1076.3 ,507.7 ,511.7 ,439.1 ,284.9 ,203.4 ,228.6 ,450.6 ,1503.5 
A;LT;MEUR_KP_PRE;OBJ16,0 ,0 ,0 ,0 ,2.7 ,3.6 ,16 ,2.5 ,2.3 ,1.1 ,6.4 ,8.5 ,12.3 ,5.9 ,7.6 ,7.8 ,4 ,1.8 
A;LU;MEUR_KP_PRE;OBJ16,5.7 ,5.9 ,7.5 ,10.1 ,8.1 ,9.5 ,14.9 ,12.4 ,13.2 ,11.2 ,10.6 ,11.6 ,10.2 ,11.1 ,11.7 ,11.2 ,12.4 ,15.3 
A;LV;MEUR_KP_PRE;OBJ16,7.2 ,6.8 ,6.6 ,8.8 ,1.5 ,5.4 ,5.8 ,262.1 ,11.8 ,0.9 ,1.7 ,3.7 ,6 ,6.2 ,7 ,12.5 ,2 ,0.5 
A;MT;MEUR_KP_PRE;OBJ16,0 ,1.5 ,2.7 ,2.8 ,4 ,0.6 ,1.2 ,0.6 ,0.7 ,0.3 ,0.1 ,0.1 ,0.1 ,0.1 ,0.2 ,0.1 ,1.6 ,0.9 
A;NL;MEUR_KP_PRE;OBJ16,140.3 ,56 ,36 ,126.7 ,117.2 ,60.2 ,66.7 ,80.8 ,100.1 ,84.6 ,48 ,31.7 ,22.8 ,31.7 ,18.9 ,25.1 ,30.4 ,34.7 
A;PL;MEUR_KP_PRE;OBJ16,1.5 ,13.3 ,29.2 ,32.7 ,9.2 ,83.9 ,88.9 ,188.9 ,45.1 ,1.6 ,36.2 ,9 ,2.6 ,2.8 ,5.2 ,0 ,6.3 ,102.1 
A;PT;MEUR_KP_PRE;OBJ16,121.9 ,104.2 ,91.3 ,106.6 ,91.3 ,53.4 ,65.7 ,53 ,72.6 ,62.1 ,45.6 ,17.8 ,36.9 ,23.1 ,47 ,180.3 ,132.3 ,149 
A;RO;MEUR_KP_PRE;OBJ16,0 ,0 ,35.5 ,7.5 ,1.6 ,1.2 ,6.9 ,0.1 ,0 ,3.4 ,6 ,4.2 ,1.1 ,0.1 ,2.3 ,3.1 ,3 ,0.3 
A;SE;MEUR_KP_PRE;OBJ16,24.8 ,18.2 ,22.6 ,15.7 ,18.2 ,15.7 ,8.8 ,10.2 ,4.7 ,1.3 ,1.3 ,2.1 ,0.2 ,0.8 ,0 ,28.7 ,15 ,22.5 
A;SI;MEUR_KP_PRE;OBJ16,20.6 ,8.9 ,6 ,14.9 ,3.9 ,9.6 ,29.3 ,2.8 ,2.2 ,1.7 ,1.5 ,3.1 ,3 ,2.3 ,4.3 ,5.5 ,2.8 ,3.7 
A;SK;MEUR_KP_PRE;OBJ16,4.9 ,0.8 ,0 ,0 ,0 ,3 ,19.1 ,11.4 ,9.7 ,3.9 ,0.8 ,0.8 ,0.7 ,0 ,1.3 ,4.4 ,8.2 ,0 
A;UK;MEUR_KP_PRE;OBJ16,255.9 ,357.6 ,427.9 ,412 ,543.2 ,572.6 ,826.6 ,891.7 ,549.7 ,426.8 ,671.4 ,625.6 ,1076.2 ,949.2 ,1392.5 ,1544.8 ,1493.2 ,1283.9 
A;AT;MEUR_KP_PRE;OBJ40,25.4 ,29 ,22.7 ,27.8 ,24.4 ,29.5 ,78.4 ,15.3 ,18.3 ,11.6 ,3.1 ,3.3 ,6.6 ,24.1 ,12.3 ,30.5 ,21.7 ,11 
A;BE;MEUR_KP_PRE;OBJ40,14.4 ,11.4 ,12.9 ,20.4 ,27.3 ,36.9 ,235.1 ,249.8 ,246.2 ,326.2 ,218.7 ,266.2 ,206.2 ,155.2 ,206.2 ,148.5 ,233.6 ,196.4 
A;BG;MEUR_KP_PRE;OBJ40,0 ,0 ,20.5 ,25.2 ,5.7 ,6.8 ,6.5 ,2.3 ,3.4 ,0 ,0 ,0 ,0 ,0 ,8 ,11.3 ,0 ,0 
A;CY;MEUR_KP_PRE;OBJ40,202.6 ,255.7 ,267.8 ,215.8 ,93.5 ,100 ,6.6 ,7.1 ,6.5 ,6 ,6.3 ,6.7 ,6.6 ,8.3 ,8.2 ,6.9 ,7.3 ,13.7 
A;CZ;MEUR_KP_PRE;OBJ40,0 ,0 ,0.2 ,0 ,16.5 ,3.3 ,5.4 ,3.9 ,68.3 ,56 ,54.4 ,42.3 ,33.9 ,37.5 ,29.6 ,27.8 ,29.1 ,28.4 
A;DE;MEUR_KP_PRE;OBJ40,5261.3 ,4842.5 ,7938.1 ,7131.3 ,3514.2 ,3116.2 ,2640.6 ,2492.8 ,1983.3 ,1880 ,1907.7 ,143.7 ,38.5 ,102.9 ,86.3 ,106.5 ,117.8 ,129.1 
A;DK;MEUR_KP_PRE;OBJ40,100 ,176.9 ,153.1 ,148.3 ,230.8 ,119.5 ,124 ,183.8 ,165.8 ,141.9 ,141.4 ,142.2 ,230.3 ,235.5 ,192.9 ,211.4 ,235.5 ,257.6 
A;EE;MEUR_KP_PRE;OBJ40,0 ,0 ,0.2 ,0 ,0 ,0 ,0 ,0.1 ,0.2 ,0.1 ,0.1 ,0.2 ,0.7 ,0.2 ,0 ,0 ,6.7 ,8.5 
A;EL;MEUR_KP_PRE;OBJ40,18.6 ,40.7 ,26.8 ,283.8 ,160.7 ,262.6 ,273.3 ,168.7 ,234.4 ,404 ,6.4 ,2.3 ,5 ,209.2 ,154.1 ,127.3 ,141.9 ,1.8 
A;ES;MEUR_KP_PRE;OBJ40,3082.7 ,5120 ,2242.5 ,2171.2 ,2287.3 ,2406.1 ,1142.3 ,1280.9 ,1039.5 ,945.2 ,994.6 ,979.8 ,701.5 ,755.4 ,676.8 ,790.2 ,619.2 ,569.4 
A;EU28;MEUR_KP_PRE;OBJ40,13923.3 ,17211.7 ,23816.8 ,21587.6 ,12302.2 ,11062.6 ,31502.4 ,10149.5 ,11831.2 ,10817.2 ,9887.1 ,5390 ,6722.9 ,5314.4 ,4978.4 ,5248.6 ,4921.3 ,5111.8 
A;FI;MEUR_KP_PRE;OBJ40,77.5 ,60.4 ,57.1 ,83.6 ,76.4 ,98.9 ,102.7 ,112.1 ,100.7 ,94.2 ,77.9 ,87.9 ,94 ,118.2 ,123.4 ,96.8 ,98.4 ,105.9 
A;FR;MEUR_KP_PRE;OBJ40,1460.3 ,1422.2 ,1485.7 ,1424.6 ,1409.1 ,393.1 ,21827.9 ,760.7 ,2894.8 ,2782.5 ,2743.1 ,556.1 ,2864.6 ,1984.7 ,1811.4 ,1957.1 ,1534.4 ,2364.4 
A;HR;MEUR_KP_PRE;OBJ40,0 ,0 ,0 ,0 ,0 ,0 ,0 ,0 ,0 ,0 ,0 ,0 ,0 ,1.5 ,1.5 ,0 ,3.7 ,4.6 
A;HU;MEUR_KP_PRE;OBJ40,393.2 ,323.6 ,336.7 ,637.3 ,333.1 ,593.2 ,524.6 ,558 ,568 ,237.1 ,904.5 ,275.7 ,29.8 ,37.9 ,45.7 ,60.4 ,63.1 ,45.4 
A;IE;MEUR_KP_PRE;OBJ40,372.6 ,346.7 ,296.4 ,147.3 ,102.7 ,120 ,136.8 ,104.8 ,102.5 ,89.8 ,94.7 ,86 ,6.3 ,6.8 ,21.5 ,20.2 ,1 ,0.2 
A;IT;MEUR_KP_PRE;OBJ40,506.9 ,478.3 ,6611.3 ,697.8 ,623.6 ,1276.8 ,1824 ,1080 ,1138.1 ,825.8 ,193.9 ,176.3 ,321.5 ,269.8 ,124.7 ,183.6 ,237.9 ,153 
A;LT;MEUR_KP_PRE;OBJ40,0.1 ,0 ,0 ,0 ,0 ,0 ,0 ,4.3 ,0.8 ,2.3 ,1 ,2.5 ,0.2 ,0.3 ,3.4 ,2 ,0.1 ,9.5 
A;LU;MEUR_KP_PRE;OBJ40,0 ,0 ,0 ,0 ,0 ,0 ,0 ,0 ,0 ,0 ,0 ,0 ,0 ,0 ,0 ,0.3 ,0.4 ,0.4 
A;LV;MEUR_KP_PRE;OBJ40,12.2 ,30.8 ,29.4 ,39.4 ,21.5 ,58.7 ,74.4 ,97.1 ,77.2 ,79.1 ,74 ,73 ,618.2 ,216.2 ,326.9 ,347.1 ,239.6 ,266.7 
A;MT;MEUR_KP_PRE;OBJ40,60.9 ,96.5 ,96.8 ,82.4 ,117.1 ,126.2 ,97 ,92.5 ,90.8 ,72.7 ,52.7 ,50.8 ,46.9 ,43.4 ,33.5 ,21.4 ,29.9 ,43.5 
A;NL;MEUR_KP_PRE;OBJ40,316.4 ,206.5 ,227.2 ,199.8 ,176.1 ,234.2 ,241.9 ,213.7 ,188 ,150.2 ,189.6 ,189.4 ,200.3 ,235 ,249.9 ,257.4 ,373.1 ,245.8 
A;PL;MEUR_KP_PRE;OBJ40,427 ,731.1 ,470.9 ,4586.4 ,395.6 ,259.3 ,209.7 ,172.7 ,869.3 ,804 ,678.9 ,651.6 ,535.6 ,496.8 ,668.9 ,627 ,659.7 ,405.8 
A;PT;MEUR_KP_PRE;OBJ40,1230.4 ,2490.1 ,2652.3 ,2849.4 ,1785.3 ,1174.4 ,1219 ,1896.1 ,1279.7 ,1279.7 ,1051.8 ,1210.4 ,344.5 ,0 ,0 ,0 ,0 ,0 
A;RO;MEUR_KP_PRE;OBJ40,0 ,0 ,311.6 ,446.9 ,407.8 ,82.7 ,265.3 ,125.5 ,106.8 ,77.5 ,59.3 ,0 ,0 ,33.7 ,9.4 ,14.6 ,0.4 ,0.3 
A;SE;MEUR_KP_PRE;OBJ40,96 ,184.3 ,183.9 ,168.5 ,185.1 ,198.6 ,200.9 ,209 ,209 ,304.5 ,206.3 ,201.7 ,213.7 ,192.1 ,175.5 ,172.7 ,241.5 ,230.3 
A;SI;MEUR_KP_PRE;OBJ40,1.3 ,4.9 ,0 ,0 ,3.8 ,0 ,0 ,0 ,0 ,10.4 ,11.9 ,1.1 ,0 ,0.1 ,0 ,0 ,0 ,0.6 
A;SK;MEUR_KP_PRE;OBJ40,17.6 ,63.6 ,54.8 ,43.8 ,89.7 ,115.7 ,32.6 ,74.6 ,67.1 ,44.5 ,11.1 ,6.8 ,17.5 ,0.7 ,0.2 ,12.6 ,0.4 ,0.3 
A;UK;MEUR_KP_PRE;OBJ40,246 ,296.4 ,317.8 ,156.8 ,214.9 ,250 ,233.8 ,243.7 ,372.4 ,191.8 ,203.4 ,234.3 ,200.6 ,149 ,8.2 ,15 ,24.7 ,19.1 
A;AT;MEUR_KP_PRE;OBJ41,72.4 ,1.2 ,0.4 ,1.3 ,1.5 ,1.2 ,750 ,0.4 ,2.8 ,505.1 ,5.3 ,5.8 ,5.8 ,3.9 ,1.6 ,0.9 ,0.8 ,0.6 
A;BE;MEUR_KP_PRE;OBJ41,0 ,125 ,24.6 ,0 ,25 ,226 ,0.1 ,14.3 ,0 ,0 ,0 ,109.9 ,0 ,0 ,0 ,0 ,0 ,166.9 
A;BG;MEUR_KP_PRE;OBJ41,0 ,0 ,16.6 ,71.8 ,11.9 ,0.2 ,0 ,1 ,0.3 ,1.1 ,0.3 ,0 ,0 ,0 ,0 ,0 ,0 ,0 
A;CY;MEUR_KP_PRE;OBJ41,0 ,0 ,0 ,0 ,0 ,10.4 ,0 ,15.7 ,0 ,0 ,0 ,0 ,0 ,0 ,0 ,0 ,0 ,0 
A;CZ;MEUR_KP_PRE;OBJ41,1263.2 ,1075.9 ,2791.2 ,2040.8 ,33.8 ,1.7 ,1.4 ,0 ,2.1 ,11.9 ,76.1 ,5.4 ,16.9 ,0 ,4.7 ,0 ,19 ,0 
A;DE;MEUR_KP_PRE;OBJ41,81.7 ,2213.4 ,6163.3 ,32.6 ,29.8 ,21.3 ,18 ,17.7 ,9112.9 ,19.3 ,662.7 ,54.4 ,169.4 ,11.9 ,7.5 ,3.2 ,0 ,1.2 
A;DK;MEUR_KP_PRE;OBJ41,0 ,0 ,0 ,0 ,0 ,0 ,0 ,0 ,4.2 ,4.4 ,4.5 ,0 ,0 ,0 ,0 ,0 ,0 ,0 
A;EE;MEUR_KP_PRE;OBJ41,0 ,0 ,0 ,0 ,0 ,0 ,0 ,0 ,0 ,0 ,0 ,0 ,0 ,0 ,0 ,0 ,0 ,0 
A;EL;MEUR_KP_PRE;OBJ41,20.7 ,108.6 ,37.1 ,0 ,0 ,0 ,26 ,17.9 ,0 ,92 ,29.8 ,52 ,0 ,21.3 ,1.5 ,0 ,0 ,0 
A;ES;MEUR_KP_PRE;OBJ41,716.2 ,190.4 ,152 ,101.7 ,62.6 ,75.9 ,9.4 ,5.5 ,6 ,10.1 ,12.6 ,25.1 ,8.1 ,0 ,0 ,2.1 ,30.2 ,0 
A;EU28;MEUR_KP_PRE;OBJ41,3016.1 ,5178.6 ,11238.8 ,3456.4 ,4127.2 ,1631.1 ,1430.3 ,674.3 ,9701.6 ,1070.3 ,1340.6 ,831.4 ,731.6 ,585.9 ,651.3 ,623.3 ,133.7 ,244.9 
A;FI;MEUR_KP_PRE;OBJ41,0 ,0 ,0 ,0 ,0.9 ,0 ,0 ,0.4 ,0.8 ,0 ,0.2 ,0.3 ,1.6 ,0 ,0 ,0 ,0 ,0 
A;FR;MEUR_KP_PRE;OBJ41,66.3 ,468.1 ,471.4 ,189 ,1441.2 ,728.4 ,9.9 ,10.4 ,1.2 ,33.8 ,2.7 ,0.5 ,1 ,0.5 ,0.7 ,0 ,0 ,0 
A;HR;MEUR_KP_PRE;OBJ41,0 ,0 ,0 ,0 ,0 ,0 ,0 ,0 ,0 ,0 ,0 ,0 ,0 ,82.1 ,48.2 ,48.2 ,41.5 ,32.2 
A;HU;MEUR_KP_PRE;OBJ41,0 ,0 ,0 ,0 ,0 ,0 ,0 ,44.2 ,0 ,24.3 ,148.5 ,0 ,0 ,0 ,0 ,0 ,0 ,0 
A;IE;MEUR_KP_PRE;OBJ41,0 ,0 ,0 ,0 ,0 ,0 ,0 ,0 ,0 ,0 ,0 ,0 ,0 ,0 ,0 ,0 ,0 ,0 
A;IT;MEUR_KP_PRE;OBJ41,322.5 ,515.2 ,180.6 ,42 ,132.3 ,42.1 ,42.1 ,33.6 ,63 ,35.6 ,58.3 ,38.5 ,41.9 ,33 ,39.4 ,33 ,33 ,40.2 
A;LT;MEUR_KP_PRE;OBJ41,39.9 ,19.8 ,58.2 ,36.5 ,11.4 ,4.8 ,0 ,2.1 ,0 ,0 ,0 ,0 ,0 ,0.1 ,0.2 ,0 ,0 ,0 
A;LU;MEUR_KP_PRE;OBJ41,0 ,0 ,0 ,0 ,0 ,0 ,0 ,0 ,0 ,0 ,0 ,0 ,0 ,0 ,0 ,0 ,0 ,0 
A;LV;MEUR_KP_PRE;OBJ41,34.2 ,12 ,0 ,0 ,0 ,0 ,0 ,0 ,0 ,0 ,0 ,86.5 ,36.4 ,0 ,0 ,0 ,0 ,0 
A;MT;MEUR_KP_PRE;OBJ41,66.1 ,70 ,86.3 ,4.7 ,25.2 ,24 ,20.5 ,13.8 ,6.9 ,0 ,1.5 ,3.7 ,24.8 ,60 ,15 ,40 ,0 ,0 
A;NL;MEUR_KP_PRE;OBJ41,0 ,0 ,0 ,0 ,54 ,0 ,0 ,0 ,0 ,0 ,0 ,0 ,0 ,0 ,0 ,0 ,9 ,0 
A;PL;MEUR_KP_PRE;OBJ41,127.7 ,195.6 ,95.9 ,278.9 ,1223.5 ,39.4 ,12.1 ,58.4 ,196.5 ,35.7 ,55.8 ,12 ,102.5 ,5 ,159.4 ,0 ,0 ,0 
A;PT;MEUR_KP_PRE;OBJ41,33.5 ,7.4 ,4.5 ,5 ,1.1 ,1.9 ,1.1 ,0.2 ,0.1 ,29.2 ,10.1 ,0.6 ,0.6 ,0 ,0 ,0 ,0 ,0 
A;RO;MEUR_KP_PRE;OBJ41,0 ,0 ,371.9 ,613.9 ,1036 ,167.9 ,250.1 ,139.3 ,36.7 ,17.9 ,3.4 ,4.1 ,8.8 ,10.4 ,9 ,28 ,0 ,0 
A;SE;MEUR_KP_PRE;OBJ41,0 ,0 ,0 ,0 ,0 ,0 ,0 ,0 ,0 ,0 ,0 ,0 ,0 ,0 ,0 ,0 ,0 ,0 
A;SI;MEUR_KP_PRE;OBJ41,29.5 ,71 ,0.6 ,20.8 ,25.2 ,2.5 ,3.1 ,1.6 ,1.6 ,3.6 ,2.6 ,52.5 ,0.5 ,37.5 ,2.5 ,96.9 ,0 ,0.1 
A;SK;MEUR_KP_PRE;OBJ41,8.9 ,4.4 ,0.7 ,15.5 ,10.4 ,0 ,0.3 ,0 ,0 ,0 ,0 ,0 ,0 ,0 ,0 ,0 ,0 ,0 
A;UK;MEUR_KP_PRE;OBJ41,133.4 ,100.6 ,783.5 ,2 ,1.5 ,283.3 ,286.1 ,297.8 ,266.6 ,246.4 ,266.3 ,380.1 ,313.2 ,320.2 ,361.5 ,371 ,0.1 ,3.8 
A;AT;MEUR_KP_PRE;OBJ42,0 ,0 ,0 ,0 ,0 ,0 ,0 ,0 ,0 ,0 ,0 ,0 ,0 ,0 ,0 ,0 ,0 ,0 
A;BE;MEUR_KP_PRE;OBJ42,0 ,0 ,0 ,0 ,0 ,0 ,0 ,0 ,0 ,0 ,0 ,0 ,0 ,0 ,0 ,0 ,0 ,0 
A;BG;MEUR_KP_PRE;OBJ42,0 ,0 ,0 ,0 ,0 ,0 ,0 ,0 ,0 ,0 ,0 ,0 ,0 ,0 ,0 ,0 ,0 ,0 
A;CY;MEUR_KP_PRE;OBJ42,0 ,0 ,0 ,0 ,0 ,0 ,0 ,0 ,0 ,0 ,0 ,0 ,0 ,0 ,0 ,0 ,0 ,0 
A;CZ;MEUR_KP_PRE;OBJ42,0 ,0 ,0 ,0 ,0 ,0 ,0 ,0 ,0 ,0 ,0 ,0 ,0 ,0 ,0 ,0 ,0 ,0 
A;DE;MEUR_KP_PRE;OBJ42,0 ,0 ,0 ,0 ,0 ,0 ,0 ,0 ,0 ,0 ,0 ,1450.3 ,1433.5 ,1496.3 ,1511.6 ,1420.6 ,1161.4 ,1115.5 
A;DK;MEUR_KP_PRE;OBJ42,0 ,0 ,0 ,0 ,0 ,0 ,0 ,0 ,0 ,0 ,0 ,0 ,0 ,0 ,0 ,0 ,0 ,0 
A;EE;MEUR_KP_PRE;OBJ42,0 ,0 ,0 ,0 ,0 ,0 ,0 ,0 ,0 ,0 ,0 ,0 ,0 ,0 ,0 ,0 ,0 ,0 
A;EL;MEUR_KP_PRE;OBJ42,0 ,0 ,0 ,0 ,0 ,0 ,0 ,0 ,0 ,0 ,0 ,0 ,0 ,0 ,0 ,0 ,0 ,0 
A;ES;MEUR_KP_PRE;OBJ42,0 ,0 ,0 ,0 ,0 ,0 ,0 ,0 ,0 ,0 ,0 ,0 ,0 ,0 ,0 ,0 ,0 ,0 
A;EU28;MEUR_KP_PRE;OBJ42,24 ,17.5 ,39.3 ,46.9 ,67.8 ,20.7 ,24.3 ,25.7 ,21.7 ,19.3 ,15.4 ,1461.2 ,1478.3 ,1534.4 ,1582.1 ,1568.4 ,1451.5 ,1554.5 
A;FI;MEUR_KP_PRE;OBJ42,0 ,0 ,0 ,0 ,0 ,0 ,0 ,0 ,0 ,0 ,0 ,0 ,0 ,0 ,0 ,0 ,0 ,0 
A;FR;MEUR_KP_PRE;OBJ42,0 ,0 ,0 ,0 ,0 ,0 ,0 ,0 ,0 ,0 ,0 ,0 ,0 ,0 ,0 ,0 ,0 ,0 
A;HR;MEUR_KP_PRE;OBJ42,0 ,0 ,0 ,0 ,0 ,0 ,0 ,0 ,0 ,0 ,0 ,0 ,0 ,0 ,0 ,0 ,0 ,0 
A;HU;MEUR_KP_PRE;OBJ42,12.6 ,16.2 ,11 ,9.9 ,48 ,5.6 ,3.8 ,4 ,4 ,2.6 ,3.6 ,0 ,0 ,0 ,0 ,0 ,0 ,0 
A;IE;MEUR_KP_PRE;OBJ42,0 ,0 ,0 ,0 ,0 ,0 ,0 ,0 ,0 ,0 ,0 ,0 ,0 ,0 ,0 ,0 ,0 ,0 
A;IT;MEUR_KP_PRE;OBJ42,0 ,0 ,0 ,0 ,0 ,0 ,0 ,0 ,0 ,0 ,0 ,0 ,0 ,0 ,0 ,0 ,0 ,0 
A;LT;MEUR_KP_PRE;OBJ42,0 ,0.4 ,0 ,6.2 ,0 ,0 ,0 ,0 ,0 ,0 ,0 ,0 ,0 ,0 ,0 ,0 ,0 ,0 
A;LU;MEUR_KP_PRE;OBJ42,0 ,0 ,0 ,0 ,0 ,0 ,0 ,0 ,0 ,0 ,0 ,0 ,0 ,0 ,0 ,0 ,0 ,0 
A;LV;MEUR_KP_PRE;OBJ42,0 ,0 ,0 ,0 ,0 ,0 ,0 ,0 ,0 ,0 ,0 ,0 ,0 ,0 ,0 ,0 ,0 ,0 
A;MT;MEUR_KP_PRE;OBJ42,0 ,0 ,0 ,0 ,0 ,0 ,0 ,0 ,0 ,0 ,0 ,0 ,0 ,0 ,0 ,0 ,0 ,0 
A;NL;MEUR_KP_PRE;OBJ42,0 ,0 ,0 ,0 ,0 ,0 ,0 ,0 ,0 ,0 ,0 ,0 ,0 ,0 ,0 ,0 ,0 ,0 
A;PL;MEUR_KP_PRE;OBJ42,0 ,0 ,0 ,0 ,0 ,0 ,0 ,0 ,0 ,0 ,0 ,0 ,0 ,0 ,28.7 ,122.6 ,266 ,391.6 
A;PT;MEUR_KP_PRE;OBJ42,0 ,0 ,0 ,0 ,0 ,0 ,0 ,0 ,0 ,0 ,0 ,0 ,0 ,0 ,0 ,0 ,0 ,0 
A;RO;MEUR_KP_PRE;OBJ42,0 ,0 ,11.3 ,0.9 ,4.6 ,0 ,5.4 ,4.6 ,0 ,0 ,0 ,0 ,38.2 ,33.4 ,33 ,20.3 ,11.7 ,31.7 
A;SE;MEUR_KP_PRE;OBJ42,0 ,0 ,0 ,0 ,0 ,0 ,0 ,0 ,0 ,0 ,0 ,0 ,0 ,0 ,0 ,0 ,0 ,0 
A;SI;MEUR_KP_PRE;OBJ42,11.4 ,0.2 ,16.9 ,16 ,14.1 ,14.1 ,14.8 ,16.9 ,17.5 ,16.4 ,11.7 ,10.9 ,6.6 ,4.7 ,8.8 ,4.8 ,12.5 ,15.8 
A;SK;MEUR_KP_PRE;OBJ42,0 ,0 ,0 ,1.1 ,1 ,0.9 ,0.3 ,0.2 ,0.2 ,0.2 ,0.1 ,0 ,0 ,0 ,0 ,0 ,0 ,0 
A;UK;MEUR_KP_PRE;OBJ42,0 ,0.7 ,0 ,12.9 ,0 ,0 ,0 ,0 ,0 ,0 ,0 ,0 ,0 ,0 ,0 ,0 ,0 ,0 
A;AT;MEUR_KP_PRE;OTH,0 ,0 ,0 ,0 ,0 ,0 ,0 ,0 ,0 ,0 ,0 ,0 ,0 ,0 ,0 ,1.5 ,3 ,11.4 
A;BE;MEUR_KP_PRE;OTH,0 ,0 ,0 ,0 ,0 ,0 ,0 ,0 ,0 ,0 ,0 ,0 ,0 ,0 ,0 ,0 ,393.9 ,13 
A;BG;MEUR_KP_PRE;OTH,0 ,0 ,0 ,6.9 ,1.9 ,0 ,0 ,0 ,0 ,0 ,0 ,0 ,0 ,0 ,0 ,2.9 ,1.4 ,0.2 
A;CY;MEUR_KP_PRE;OTH,0 ,0 ,0 ,0 ,0 ,0 ,0 ,0 ,0 ,0 ,0 ,0 ,0 ,0 ,0 ,0 ,0 ,0 
A;CZ;MEUR_KP_PRE;OTH,0 ,0 ,0 ,0 ,0 ,0 ,0 ,62 ,0 ,71.8 ,75.1 ,77.2 ,118.6 ,114.8 ,111.1 ,119.2 ,140.8 ,164.9 
A;DE;MEUR_KP_PRE;OTH,0 ,0 ,0 ,0 ,0 ,0 ,0 ,0 ,0 ,140.2 ,138.9 ,137.8 ,113.4 ,183.6 ,98.2 ,150.9 ,231.1 ,321.8 
A;DK;MEUR_KP_PRE;OTH,0 ,0 ,0 ,0 ,0 ,0 ,0 ,0 ,0 ,0 ,0 ,0 ,0 ,0 ,54.1 ,56.9 ,61.3 ,53.1 
A;EE;MEUR_KP_PRE;OTH,0 ,0 ,0 ,0 ,0 ,0 ,0 ,0 ,0 ,0 ,0 ,0 ,0 ,0 ,0 ,3 ,6.1 ,9.6 
A;EL;MEUR_KP_PRE;OTH,0 ,0 ,0 ,0 ,0 ,0 ,0 ,0 ,0 ,0 ,0 ,0 ,110 ,0.3 ,13.4 ,10.9 ,119.6 ,165.4 
A;ES;MEUR_KP_PRE;OTH,0 ,0 ,0 ,0 ,0 ,0 ,0 ,2.5 ,15.5 ,5.1 ,0 ,3 ,6 ,29.2 ,21.3 ,8.9 ,14 ,37.3 
A;EU28;MEUR_KP_PRE;OTH,0 ,0 ,0 ,6.9 ,7 ,133.1 ,29.8 ,104.3 ,201.8 ,414.4 ,608.7 ,311.7 ,497.9 ,505.6 ,471.5 ,703.9 ,1885.3 ,3551.2 
A;FI;MEUR_KP_PRE;OTH,0 ,0 ,0 ,0 ,0 ,0 ,0 ,0 ,0 ,0 ,0 ,0 ,0 ,8 ,5.3 ,30.6 ,8.3 ,43.4 
A;FR;MEUR_KP_PRE;OTH,0 ,0 ,0 ,0 ,0 ,0 ,0 ,0 ,0 ,0 ,1.5 ,3.6 ,2.1 ,12.9 ,10.5 ,16.2 ,125.5 ,590.3 
A;HR;MEUR_KP_PRE;OTH,0 ,0 ,0 ,0 ,0 ,0 ,0 ,0 ,0 ,0 ,0 ,0 ,0 ,7.6 ,0 ,0 ,0 ,0 
A;HU;MEUR_KP_PRE;OTH,0 ,0 ,0 ,0 ,0 ,0 ,0 ,0 ,147.6 ,188.6 ,180.8 ,0 ,0 ,0 ,0 ,140.5 ,345.6 ,614 
A;IE;MEUR_KP_PRE;OTH,0 ,0 ,0 ,0 ,0 ,0 ,0 ,0 ,0 ,0 ,0 ,0 ,0 ,0 ,0 ,0.2 ,0.1 ,0.5 
A;IT;MEUR_KP_PRE;OTH,0 ,0 ,0 ,0 ,0 ,0 ,0 ,0 ,0 ,0 ,17.9 ,13.9 ,16.3 ,14 ,20.7 ,14.7 ,161.3 ,51.9 
A;LT;MEUR_KP_PRE;OTH,0 ,0 ,0 ,0 ,0 ,0 ,0 ,0 ,0 ,0 ,0 ,0 ,0 ,0 ,0 ,0 ,0 ,8.4 
A;LU;MEUR_KP_PRE;OTH,0 ,0 ,0 ,0 ,0 ,0 ,0 ,0 ,0 ,0 ,0 ,0 ,0 ,0 ,0 ,0 ,0 ,0 
A;LV;MEUR_KP_PRE;OTH,0 ,0 ,0 ,0 ,0 ,0 ,0 ,0 ,0 ,0 ,0 ,0 ,0.3 ,0.2 ,0.2 ,1.9 ,0.7 ,7.3 
A;MT;MEUR_KP_PRE;OTH,0 ,0 ,0 ,0 ,0 ,0 ,0 ,0 ,0 ,0 ,0 ,0 ,0 ,0 ,0 ,0 ,0 ,0 
A;NL;MEUR_KP_PRE;OTH,0 ,0 ,0 ,0 ,0 ,0 ,0 ,0 ,0 ,0 ,0 ,0 ,0 ,0 ,0.2 ,14.2 ,11.2 ,44.1 
A;PL;MEUR_KP_PRE;OTH,0 ,0 ,0 ,0 ,0 ,0 ,0 ,2.3 ,2.7 ,2.2 ,2.1 ,1.9 ,1.6 ,0 ,0 ,0.2 ,73.7 ,559.4 
A;PT;MEUR_KP_PRE;OTH,0 ,0 ,0 ,0 ,0 ,0 ,0 ,0 ,0 ,0 ,0 ,0 ,0 ,0 ,0 ,0 ,0 ,0 
A;RO;MEUR_KP_PRE;OTH,0 ,0 ,0 ,0 ,5 ,131.5 ,28.1 ,16.4 ,15.6 ,2.5 ,0 ,0 ,0 ,0 ,0 ,7.8 ,0 ,0 
A;SE;MEUR_KP_PRE;OTH,0 ,0 ,0 ,0 ,0 ,0 ,0 ,0 ,0 ,0 ,0 ,0 ,0 ,0 ,3.6 ,7.5 ,20.6 ,603.1 
A;SI;MEUR_KP_PRE;OTH,0 ,0 ,0 ,0 ,0 ,0 ,0 ,0 ,0 ,0 ,0 ,0 ,0 ,0 ,0 ,0 ,0 ,0 
A;SK;MEUR_KP_PRE;OTH,0 ,0 ,0 ,0 ,0 ,0 ,0 ,0 ,0 ,0 ,0 ,0 ,0 ,58.4 ,70.2 ,67.3 ,65.2 ,67.2 
A;UK;MEUR_KP_PRE;OTH,0 ,0 ,0 ,0 ,0 ,1.6 ,1.7 ,21.2 ,20.5 ,4.1 ,192.3 ,74.4 ,129.6 ,76.8 ,62.7 ,48.5 ,102 ,184.8 
A;AT;MEUR_KP_PRE;TOTAL,539 ,654.4 ,623.9 ,981.6 ,971.6 ,988 ,1840.6 ,1017.4 ,1351.1 ,2103.2 ,1760.9 ,1502.1 ,1672.4 ,1643.3 ,1285.4 ,1778.3 ,1821.5 ,1736.6 
A;BE;MEUR_KP_PRE;TOTAL,826.4 ,954.9 ,1009 ,673.3 ,761 ,993.1 ,1160.3 ,1354.9 ,1441.3 ,2073.4 ,2147.8 ,1612.9 ,1503.5 ,1571 ,1705.8 ,2034.7 ,2488.1 ,2204.8 
A;BG;MEUR_KP_PRE;TOTAL,0 ,0 ,77.6 ,135.2 ,50.3 ,25.9 ,31.4 ,28 ,15.7 ,29.1 ,18.9 ,22.9 ,340 ,354.9 ,467.8 ,548.4 ,488.2 ,662.9 
A;CY;MEUR_KP_PRE;TOTAL,260.6 ,322.8 ,361 ,270.6 ,154.4 ,170.7 ,73.7 ,83.3 ,81.3 ,67.1 ,92.5 ,118.3 ,93.1 ,120.1 ,109.7 ,120.4 ,119.1 ,104.2 
A;CZ;MEUR_KP_PRE;TOTAL,1476.8 ,1326.7 ,3155.3 ,2314.2 ,326.6 ,460 ,640.9 ,791.3 ,1131.2 ,785 ,987.3 ,1254.5 ,1417.1 ,1597.6 ,1591.6 ,1935 ,2308.6 ,2676.2 
A;DE;MEUR_KP_PRE;TOTAL,14998.1 ,17974.1 ,25456.9 ,18664.1 ,15658.9 ,15795.6 ,16818.1 ,13917.5 ,24116.4 ,17483.9 ,15154.3 ,12370 ,12191 ,12601.6 ,36648.2 ,36094.5 ,40363.9 ,42313.2 
A;DK;MEUR_KP_PRE;TOTAL,1347 ,1527.7 ,1396.9 ,1214.7 ,1465.3 ,1467.1 ,1460.2 ,1608.4 ,1717.2 ,2068.3 ,2000.5 ,2171 ,2395.9 ,2406.1 ,2365.3 ,3279.4 ,4460 ,4396.8 
A;EE;MEUR_KP_PRE;TOTAL,6 ,8 ,9.9 ,7.3 ,8.8 ,14.2 ,10.7 ,10.5 ,14.8 ,11.3 ,14.6 ,18.8 ,31.2 ,84.6 ,155.3 ,193.9 ,172.5 ,235.9 
A;EL;MEUR_KP_PRE;TOTAL,759.9 ,704 ,350.2 ,578.7 ,550 ,642.2 ,743 ,784.4 ,1493.2 ,1996.8 ,1736.1 ,2218.7 ,1699.5 ,2661.1 ,1642.1 ,2191.6 ,619.3 ,427.3 
A;ES;MEUR_KP_PRE;TOTAL,6033.5 ,7537.7 ,5087.5 ,4877.9 ,4473.7 ,4831.6 ,3884.2 ,3995.3 ,4746.8 ,4942.4 ,4333.7 ,3805.7 ,3204.9 ,2547.8 ,2790.2 ,2258.4 ,2272.8 ,3023.4 
A;EU28;MEUR_KP_PRE;TOTAL,46439.9 ,53245.1 ,68570.5 ,59542.3 ,52594.3 ,52272.9 ,76470.5 ,52912.3 ,70125.6 ,65733.2 ,63825.3 ,58013.7 ,60510 ,60365.7 ,91295.2 ,94621 ,101298.5 ,110685 
A;FI;MEUR_KP_PRE;TOTAL,473.2 ,426.6 ,457.1 ,591 ,614.9 ,653.1 ,691.1 ,702.7 ,860.1 ,899.5 ,868.8 ,1658.9 ,1184.1 ,1353.6 ,1532.8 ,1568.1 ,1645.1 ,1821.3 
A;FR;MEUR_KP_PRE;TOTAL,5353 ,5302.2 ,6275 ,5773.2 ,7223.6 ,7659.7 ,28920.5 ,8176.4 ,11211.1 ,13089.4 ,13645.2 ,12188.3 ,13754.2 ,12366.7 ,14151 ,15647.3 ,14924.8 ,16824.6 
A;HR;MEUR_KP_PRE;TOTAL,0 ,0 ,0 ,0 ,0 ,0 ,0 ,0 ,0 ,0 ,0 ,0 ,0 ,150.7 ,192.6 ,262.4 ,439.9 ,476.3 
A;HU;MEUR_KP_PRE;TOTAL,565.3 ,597.3 ,742 ,1002 ,743.5 ,1079.6 ,1035.7 ,1046.7 ,1988.4 ,1253.6 ,1846.7 ,936.1 ,901.9 ,1195.1 ,1445.4 ,1291.5 ,2282.7 ,3127.5 
A;IE;MEUR_KP_PRE;TOTAL,578.4 ,605.7 ,570.1 ,408.2 ,434 ,643.4 ,784.4 ,797.5 ,892.7 ,779.8 ,949.5 ,668.9 ,548 ,898.6 ,657.4 ,426.8 ,406.9 ,528.3 
A;IT;MEUR_KP_PRE;TOTAL,5094 ,5915.6 ,11964.2 ,5831.3 ,5199.3 ,5537.5 ,5980.6 ,4613.9 ,5040.5 ,4612.5 ,3134.2 ,2869.6 ,3530.5 ,2716.1 ,2888.6 ,3066.8 ,3304 ,4746.2 
A;LT;MEUR_KP_PRE;TOTAL,41.2 ,21.7 ,61.4 ,52.3 ,26.9 ,29.9 ,51.3 ,51.4 ,50.8 ,83.1 ,86.7 ,125.4 ,132.6 ,112.5 ,78.2 ,298.5 ,323.2 ,441.4 
A;LU;MEUR_KP_PRE;TOTAL,41.1 ,36 ,57.4 ,59.1 ,42.4 ,43.5 ,45.9 ,47.7 ,55.1 ,95.8 ,77 ,84.1 ,73.7 ,129.6 ,153.4 ,175.4 ,181.9 ,149.8 
A;LV;MEUR_KP_PRE;TOTAL,59 ,66 ,48.2 ,61.4 ,38.7 ,81.9 ,99.7 ,391.8 ,122.6 ,101.7 ,148.1 ,219 ,966 ,544.2 ,899.6 ,781.2 ,592.4 ,436.3 
A;MT;MEUR_KP_PRE;TOTAL,136.4 ,174.4 ,191.2 ,94.8 ,151.7 ,152.3 ,121.7 ,111.4 ,101 ,97.9 ,74.3 ,91.7 ,102 ,127.1 ,81.6 ,91.6 ,54.8 ,88.6 
A;NL;MEUR_KP_PRE;TOTAL,978.9 ,875.9 ,1232.8 ,1197.4 ,1226 ,1390.8 ,1645.6 ,1516.2 ,1664.8 ,1844.7 ,2034.5 ,2133.3 ,1918 ,1772 ,1825.1 ,1771.9 ,1931 ,1962.3 
A;PL;MEUR_KP_PRE;TOTAL,1764.9 ,1334.7 ,933.4 ,5726.7 ,2142.4 ,968.4 ,1250.5 ,1331.6 ,2696.4 ,2456.1 ,2887.4 ,2197.4 ,2244.6 ,2261.1 ,4722.4 ,3373.8 ,4513.4 ,7070.7 
A;PT;MEUR_KP_PRE;TOTAL,1706.9 ,2932.3 ,2857.1 ,3107.6 ,2080.1 ,1356.4 ,1401 ,2137.2 ,1566.9 ,1622.2 ,1518.5 ,1531.4 ,870.3 ,456.1 ,743.8 ,872.5 ,730.6 ,836.5 
A;RO;MEUR_KP_PRE;TOTAL,0 ,0 ,935.2 ,1210.1 ,1597.7 ,451.9 ,654.8 ,382.5 ,302.5 ,180.7 ,195.7 ,384.4 ,610.3 ,876 ,1052.5 ,1223.9 ,1045 ,922.1 
A;SE;MEUR_KP_PRE;TOTAL,744.1 ,717.4 ,713.7 ,1248 ,2468 ,2802.6 ,2951.1 ,3009.6 ,2898.9 ,2530.8 ,2864.3 ,3022 ,3195.4 ,3335.5 ,3258.2 ,3163.6 ,3659 ,4335.3 
A;SI;MEUR_KP_PRE;TOTAL,186.2 ,214.7 ,132.2 ,178.3 ,142.3 ,129.3 ,146.9 ,120.1 ,172.1 ,292.1 ,289.5 ,378.2 ,392.3 ,419.5 ,406.9 ,427.7 ,324.6 ,367.6 
A;SK;MEUR_KP_PRE;TOTAL,123.6 ,119.9 ,111.4 ,173.7 ,233.6 ,264 ,227.6 ,245.5 ,312.5 ,249.6 ,247.3 ,160.4 ,119.4 ,180.8 ,299.9 ,409.5 ,360.9 ,221.5 
A;UK;MEUR_KP_PRE;TOTAL,2346.4 ,2894.2 ,3759.8 ,3109.7 ,3808.8 ,3640.1 ,3798.8 ,4639.2 ,4080.5 ,3983 ,4711 ,4269.3 ,5417.9 ,5882.4 ,8144.4 ,9334.1 ,9464.2 ,8547.6 
